{"type":"FeatureCollection","features":[{"type":"Feature","geometry":{"type":"Polygon","coordinates":[[[-82.21,30.41],[-82.07,30.38],[-82.04,30.62],[-81.98,30.62],[-82.03,30.34],[-82.2,30.35],[-82.21,30.41]]]},"properties":{"id":"nws:urn:oid:2.49.0.1.840.0.e5fab5b605af889713e7a2339a3c0164c66b78f6.001.1","source":"NOAA NWS","category":"flood","event_type":"Flood Warning","severity":"severe","title":"Flood Warning issued October 4 at 8:48PM EDT by NWS Jacksonville FL","description":"...The National Weather Service in Jacksonville has issued a Flood\nWarning for the following rivers in Florida...Georgia...\n\nSt Mary's River At Macclenny affecting Nassau, Charlton and Baker\nCounties.\n\nAdditional information is available at\nhttps://water.weather.gov/wfo/JAX\n\nThe next statement will be issued Monday evening at 900 PM EDT.\n\n* WHAT...Minor flooding is forecast.\n\n* WHERE...St Mary's River at Macclenny.\n\n* WHEN...From Monday morning until further notice.\n\n* IMPACTS...At 12.0 feet, Minor flooding of low lying areas and\ntimber lands including some properties along St. Mary's River Bluff\nRoad and the Cypress Landing Resort on the Georgia side. At 14.0\nfeet, Flooding of bottomlands along the river and some lower access\nroads including the lower half of St. Mary's River Bluff Road which\ncuts off 15 to 20 homes on the Georgia side. At 15.0 feet, Flooding\nbegins to impact the lower end of Steel Bridge Road on the Florida\nside and cuts off access to the river gage as well as access to\nseveral homes. At 16.0 feet, Access roads on both sides of the\nriver in Florida and Georgia are flooded, including the entire low\nlying stretch of St. Mary's River Bluff Road on the Georgia side\nwhich cuts off 40 to 50 homes. On the Florida side, the lower end\nof St. Mary's Cove Road past the public boat ramp becomes flooded\nand cuts off access to 20 to 30 homes. The Stokes Road Bridge over\nthe river is generally closed due to high water.\n\n* ADDITIONAL DETAILS...\n- At 7:45 PM EDT Sunday the stage was 10.2 feet.\n- Forecast...The river is expected to rise above flood stage late\ntomorrow morning and continue rising to a crest of 14.0 feet\nTuesday evening.\n- Flood stage is 12.0 feet.\n- http://www.weather.gov/safety/flood","instruction":"","area":"Baker, FL; Nassau, FL; Charlton, GA","url":"https://api.weather.gov/alerts/urn:oid:2.49.0.1.840.0.e5fab5b605af889713e7a2339a3c0164c66b78f6.001.1","sender":"NWS Jacksonville FL","started_at":"2026-10-04T20:48:00-04:00","ended_at":"2026-10-05T21:00:00-04:00","rep_point":[-82.10571428571428,30.447142857142858]}},{"type":"Feature","geometry":{"type":"Polygon","coordinates":[[[-96.9,40.37],[-96.87,40.38],[-96.77,40.3],[-96.74,40.28],[-96.75,40.26],[-96.69,40.26],[-96.66,40.24],[-96.67,40.22],[-96.69,40.22],[-96.66,40.21],[-96.66,40.19],[-96.64,40.17],[-96.64,40.12],[-96.65,40.12],[-96.68,40.19],[-96.67,40.2],[-96.69,40.2],[-96.71,40.22],[-96.7,40.24],[-96.76,40.25],[-96.9,40.37]]]},"properties":{"id":"nws:urn:oid:2.49.0.1.840.0.8dc126371c78dc002d5fc865dbf8c1bb72cd84d7.004.1","source":"NOAA NWS","category":"flood","event_type":"Flood Warning","severity":"severe","title":"Flood Warning issued October 4 at 7:40PM CDT until October 6 at 2:36PM CDT by NWS Omaha/Valley NE","description":"...The Flood Warning continues for the following rivers in\nNebraska...\n\nBig Blue River Near Crete affecting Saline County.\n\nBig Blue River At Beatrice affecting Gage County.\n\n...The Flood Warning is extended for the following rivers in\nNebraska...\n\nTurkey Creek near De Witt affecting Saline and Gage Counties.\n\nTurkey Creek Near Wilber affecting Saline County.\n\n* WHAT...Minor flooding is occurring and minor flooding is forecast.\n\n* WHERE...Big Blue River at Beatrice.\n\n* WHEN...Until Tuesday afternoon.\n\n* IMPACTS...At 21.0 feet, At this level the West Scott baseball\nfields begin to flood.\n\n* ADDITIONAL DETAILS...\n- At 6:45 PM CDT Sunday the stage was 21.6 feet.\n- Bankfull stage is 16.0 feet.\n- Recent Activity...The maximum river stage in the 24 hours ending\nat 6:45 PM CDT Sunday was 21.8 feet.\n- Forecast...The river is expected to fall below flood stage\ntomorrow evening and continue falling to 5.6 feet Friday evening.\n- Flood stage is 18.0 feet.\n- Flood History...This crest compares to a previous crest of 21.8\nfeet on 03/19/1978.\n- http://www.weather.gov/safety/flood","instruction":"Turn around, don't drown when encountering flooded roads. Most flood\ndeaths occur in vehicles.\n\nMotorists should not attempt to drive around barricades or drive cars\nthrough flooded areas.\n\nBe especially cautious at night when it is harder to recognize the\ndangers of flooding.\n\nPlease report observed flooding to local emergency services or law\nenforcement and request they pass this information to the National\nWeather Service when you can do so safely.\n\nAdditional information is available at water.noaa.gov.\n\nThe next statement will be issued Monday morning at 1000 AM CDT.","area":"Gage, NE","url":"https://api.weather.gov/alerts/urn:oid:2.49.0.1.840.0.8dc126371c78dc002d5fc865dbf8c1bb72cd84d7.004.1","sender":"NWS Omaha/Valley NE","started_at":"2026-10-04T19:40:00-05:00","ended_at":"2026-10-05T10:00:00-05:00","rep_point":[-96.71904761904764,40.23857142857143]}},{"type":"Feature","geometry":{"type":"Polygon","coordinates":[[[-96.99,40.41],[-96.97,40.42],[-96.96,40.4],[-96.91,40.4],[-96.87,40.37],[-96.88,40.36],[-96.89,40.36],[-96.95,40.38],[-96.99,40.4],[-96.99,40.41]]]},"properties":{"id":"nws:urn:oid:2.49.0.1.840.0.8dc126371c78dc002d5fc865dbf8c1bb72cd84d7.001.1","source":"NOAA NWS","category":"flood","event_type":"Flood Warning","severity":"severe","title":"Flood Warning issued October 4 at 7:40PM CDT until October 6 at 11:21AM CDT by NWS Omaha/Valley NE","description":"...The Flood Warning continues for the following rivers in\nNebraska...\n\nBig Blue River Near Crete affecting Saline County.\n\nBig Blue River At Beatrice affecting Gage County.\n\n...The Flood Warning is extended for the following rivers in\nNebraska...\n\nTurkey Creek near De Witt affecting Saline and Gage Counties.\n\nTurkey Creek Near Wilber affecting Saline County.\n\n* WHAT...Moderate flooding is occurring and moderate flooding is\nforecast.\n\n* WHERE...Turkey Creek near De Witt.\n\n* WHEN...Until Tuesday morning.\n\n* IMPACTS...At 25.0 feet, Water begins to overtop Blueridge Drive and\nlikely many county roads along the river.\n\n* ADDITIONAL DETAILS...\n- At 6:45 PM CDT Sunday the stage was 25.6 feet.\n- Recent Activity...The maximum river stage in the 24 hours ending\nat 6:45 PM CDT Sunday was 25.9 feet.\n- Forecast...The river is expected to rise to a crest of 25.7 feet\ntomorrow morning. It will then fall below flood stage early\nTuesday morning.\n- Flood stage is 23.5 feet.\n- Flood History...This crest compares to a previous crest of 25.6\nfeet on 05/07/2007.\n- http://www.weather.gov/safety/flood","instruction":"Turn around, don't drown when encountering flooded roads. Most flood\ndeaths occur in vehicles.\n\nMotorists should not attempt to drive around barricades or drive cars\nthrough flooded areas.\n\nBe especially cautious at night when it is harder to recognize the\ndangers of flooding.\n\nPlease report observed flooding to local emergency services or law\nenforcement and request they pass this information to the National\nWeather Service when you can do so safely.\n\nAdditional information is available at water.noaa.gov.\n\nThe next statement will be issued Monday morning at 1000 AM CDT.","area":"Gage, NE; Saline, NE","url":"https://api.weather.gov/alerts/urn:oid:2.49.0.1.840.0.8dc126371c78dc002d5fc865dbf8c1bb72cd84d7.001.1","sender":"NWS Omaha/Valley NE","started_at":"2026-10-04T19:40:00-05:00","ended_at":"2026-10-05T10:00:00-05:00","rep_point":[-96.94,40.391]}},{"type":"Feature","geometry":{"type":"Polygon","coordinates":[[[-97,40.7],[-96.98,40.7],[-96.97,40.69],[-96.96,40.67],[-96.97,40.66],[-96.95,40.63],[-96.95,40.62],[-96.94,40.59],[-96.94,40.56],[-96.92,40.52],[-96.92,40.49],[-96.93,40.45],[-96.91,40.42],[-96.87,40.38],[-96.9,40.37],[-96.96,40.42],[-96.98,40.53],[-96.99,40.66],[-96.98,40.68],[-97,40.69],[-97,40.7]]]},"properties":{"id":"nws:urn:oid:2.49.0.1.840.0.8dc126371c78dc002d5fc865dbf8c1bb72cd84d7.003.1","source":"NOAA NWS","category":"flood","event_type":"Flood Warning","severity":"severe","title":"Flood Warning issued October 4 at 7:40PM CDT until October 5 at 8:36PM CDT by NWS Omaha/Valley NE","description":"...The Flood Warning continues for the following rivers in\nNebraska...\n\nBig Blue River Near Crete affecting Saline County.\n\nBig Blue River At Beatrice affecting Gage County.\n\n...The Flood Warning is extended for the following rivers in\nNebraska...\n\nTurkey Creek near De Witt affecting Saline and Gage Counties.\n\nTurkey Creek Near Wilber affecting Saline County.\n\n* WHAT...Minor flooding is occurring and minor flooding is forecast.\n\n* WHERE...Big Blue River near Crete.\n\n* WHEN...Until Monday evening.\n\n* IMPACTS...At 24.0 feet, Parts of the Tuxedo Park area on the west\nside of town north of State Highway 33 flood.\n\n* ADDITIONAL DETAILS...\n- At 6:45 PM CDT Sunday the stage was 22.4 feet.\n- Bankfull stage is 18.0 feet.\n- Recent Activity...The maximum river stage in the 24 hours ending\nat 6:45 PM CDT Sunday was 24.4 feet.\n- Forecast...The river is expected to fall below flood stage just\nafter midnight tonight and continue falling to 9.1 feet Friday\nevening.\n- Flood stage is 21.0 feet.\n- Flood History...This crest compares to a previous crest of 22.5\nfeet on 03/08/1979.\n- http://www.weather.gov/safety/flood","instruction":"Turn around, don't drown when encountering flooded roads. Most flood\ndeaths occur in vehicles.\n\nMotorists should not attempt to drive around barricades or drive cars\nthrough flooded areas.\n\nBe especially cautious at night when it is harder to recognize the\ndangers of flooding.\n\nPlease report observed flooding to local emergency services or law\nenforcement and request they pass this information to the National\nWeather Service when you can do so safely.\n\nAdditional information is available at water.noaa.gov.\n\nThe next statement will be issued Monday morning at 1000 AM CDT.","area":"Saline, NE","url":"https://api.weather.gov/alerts/urn:oid:2.49.0.1.840.0.8dc126371c78dc002d5fc865dbf8c1bb72cd84d7.003.1","sender":"NWS Omaha/Valley NE","started_at":"2026-10-04T19:40:00-05:00","ended_at":"2026-10-05T10:00:00-05:00","rep_point":[-96.95333333333335,40.577619047619045]}},{"type":"Feature","geometry":{"type":"Polygon","coordinates":[[[-97.07,40.57],[-97.05,40.58],[-97.04,40.56],[-97.02,40.55],[-97.01,40.54],[-96.99,40.5],[-97,40.49],[-96.99,40.47],[-96.98,40.46],[-96.97,40.44],[-96.97,40.42],[-96.99,40.41],[-97,40.44],[-97.02,40.46],[-97.03,40.49],[-97.03,40.51],[-97.03,40.53],[-97.03,40.54],[-97.05,40.54],[-97.07,40.56],[-97.07,40.57]]]},"properties":{"id":"nws:urn:oid:2.49.0.1.840.0.8dc126371c78dc002d5fc865dbf8c1bb72cd84d7.002.1","source":"NOAA NWS","category":"flood","event_type":"Flood Warning","severity":"severe","title":"Flood Warning issued October 4 at 7:40PM CDT until October 5 at 4:27PM CDT by NWS Omaha/Valley NE","description":"...The Flood Warning continues for the following rivers in\nNebraska...\n\nBig Blue River Near Crete affecting Saline County.\n\nBig Blue River At Beatrice affecting Gage County.\n\n...The Flood Warning is extended for the following rivers in\nNebraska...\n\nTurkey Creek near De Witt affecting Saline and Gage Counties.\n\nTurkey Creek Near Wilber affecting Saline County.\n\n* WHAT...Minor flooding is occurring and minor flooding is forecast.\n\n* WHERE...Turkey Creek near Wilber.\n\n* WHEN...Until Monday afternoon.\n\n* IMPACTS...At 16.0 feet, Significant flooding of row crops in the\nflood plain begins. Downstream of the gage the town of De Witt may\nstart experiencing flooding.\n\n* ADDITIONAL DETAILS...\n- At 6:45 PM CDT Sunday the stage was 15.6 feet.\n- Bankfull stage is 11.0 feet.\n- Recent Activity...The maximum river stage in the 24 hours ending\nat 6:45 PM CDT Sunday was 15.9 feet.\n- Forecast...The river is expected to fall below flood stage late\ntomorrow morning and continue falling to 2.7 feet Friday evening.\n- Flood stage is 12.5 feet.\n- Flood History...This crest compares to a previous crest of 15.5\nfeet on 03/04/1979.\n- http://www.weather.gov/safety/flood","instruction":"Turn around, don't drown when encountering flooded roads. Most flood\ndeaths occur in vehicles.\n\nMotorists should not attempt to drive around barricades or drive cars\nthrough flooded areas.\n\nBe especially cautious at night when it is harder to recognize the\ndangers of flooding.\n\nPlease report observed flooding to local emergency services or law\nenforcement and request they pass this information to the National\nWeather Service when you can do so safely.\n\nAdditional information is available at water.noaa.gov.\n\nThe next statement will be issued Monday morning at 1000 AM CDT.","area":"Saline, NE","url":"https://api.weather.gov/alerts/urn:oid:2.49.0.1.840.0.8dc126371c78dc002d5fc865dbf8c1bb72cd84d7.002.1","sender":"NWS Omaha/Valley NE","started_at":"2026-10-04T19:40:00-05:00","ended_at":"2026-10-05T10:00:00-05:00","rep_point":[-97.01952380952379,40.506190476190476]}},{"type":"Feature","geometry":{"type":"Polygon","coordinates":[[[-96.66,39.71],[-96.58,39.68],[-96.55,39.57],[-96.59,39.57],[-96.69,39.68],[-96.66,39.71]]]},"properties":{"id":"nws:urn:oid:2.49.0.1.840.0.9455e4bce60442233e15a185f2b3ecddfcf1da24.001.1","source":"NOAA NWS","category":"flood","event_type":"Flood Warning","severity":"severe","title":"Flood Warning issued October 4 at 7:32PM CDT until October 8 at 1:00AM CDT by NWS Topeka KS","description":"...The Flood Warning continues for the following rivers in Kansas...\n\nBig Blue River near Blue Rapids affecting Marshall County.\n\n* WHAT...Minor flooding is occurring and minor flooding is forecast.\n\n* WHERE...Big Blue River near Blue Rapids.\n\n* WHEN...Until late Wednesday night.\n\n* IMPACTS...At 26.0 feet, Minor lowland flooding occurs from\nMarysville to Tuttle Creek Lake.\n\n* ADDITIONAL DETAILS...\n- At 7:15 PM CDT Sunday the stage was 31.5 feet.\n- Forecast...The river is expected to fall below flood stage\nWednesday evening and continue falling to 24.7 feet Friday\nevening.\n- Flood stage is 26.0 feet.","instruction":"Motorists should not attempt to drive around barricades or drive cars\nthrough flooded areas.\n\nThis product along with additional weather and stream information is\navailable at www.weather.gov/top/.","area":"Marshall, KS","url":"https://api.weather.gov/alerts/urn:oid:2.49.0.1.840.0.9455e4bce60442233e15a185f2b3ecddfcf1da24.001.1","sender":"NWS Topeka KS","started_at":"2026-10-04T19:32:00-05:00","ended_at":"2026-10-05T10:45:00-05:00","rep_point":[-96.62166666666667,39.653333333333336]}},{"type":"Feature","geometry":{"type":"Polygon","coordinates":[[[-79.94,32.76],[-79.96,32.75],[-80.13,32.74],[-80.15,32.83],[-79.95,32.88],[-79.86,32.9],[-79.76,32.91],[-79.74,32.83],[-79.94,32.76]]]},"properties":{"id":"nws:urn:oid:2.49.0.1.840.0.79668bc24367d120360b7e80d6574c5d4947622d.001.1","source":"NOAA NWS","category":"flood","event_type":"Flash Flood Warning","severity":"severe","title":"Flash Flood Warning issued October 4 at 8:31PM EDT until October 4 at 11:00PM EDT by NWS Charleston SC","description":"At 831 PM EDT, Doppler radar indicated thunderstorms producing heavy\nrain across the warned area. Between 2 and 4 inches of rain have\nfallen. Additional rainfall amounts of 1 to 3 inches are possible in\nthe warned area. Flash flooding is ongoing or expected to begin\nshortly.\n\nHAZARD...Flash flooding caused by thunderstorms.\n\nSOURCE...Radar indicated.\n\nIMPACT...Flash flooding of small creeks and streams, urban areas,\nhighways, streets and underpasses as well as other poor\ndrainage and low-lying areas.\n\nSome locations that will experience flash flooding include...\nNorth Charleston, Mount Pleasant, Downtown Charleston, Daniel\nIsland, James Island, West Ashley, Johns Island, Hollywood,\nCharleston Naval Complex and Charles Towne Landing.","instruction":"Turn around, don't drown when encountering flooded roads. Most flood\ndeaths occur in vehicles.\n\nBe especially cautious at night when it is harder to recognize the\ndangers of flooding.","area":"Berkeley, SC; Charleston, SC","url":"https://api.weather.gov/alerts/urn:oid:2.49.0.1.840.0.79668bc24367d120360b7e80d6574c5d4947622d.001.1","sender":"NWS Charleston SC","started_at":"2026-10-04T20:31:00-04:00","ended_at":"2026-10-04T23:00:00-04:00","rep_point":[-79.93666666666667,32.81777777777777]}},{"type":"Feature","geometry":{"type":"Polygon","coordinates":[[[-87.97,42.51],[-87.87,42.5],[-87.89,42.47],[-87.87,42.39],[-87.96,42.39],[-87.99,42.47],[-87.97,42.51]]]},"properties":{"id":"nws:urn:oid:2.49.0.1.840.0.9cc5e1619dbea163166f6f89d04c0cc708f97b84.001.1","source":"NOAA NWS","category":"flood","event_type":"Flood Warning","severity":"severe","title":"Flood Warning issued October 4 at 7:27PM CDT by NWS Chicago IL","description":"...The Flood Warning continues for the following rivers in\nIllinois...\n\nDes Plaines River near Russell affecting Lake IL County.\n\n* WHAT...Minor flooding is occurring and minor flooding is forecast.\n\n* WHERE...Des Plaines River from IL/WI state line downstream to US-41\nin Gurnee, including the Russell gauge.\n\n* WHEN...Until further notice.\n\n* IMPACTS...At 7.0 feet, Low-lying wetlands and agricultural land is\ninundated near the river.\n\n* ADDITIONAL DETAILS...\n- At 6:30 PM CDT Sunday the stage was 7.3 feet.\n- Recent Activity...The maximum river stage in the 24 hours ending\nat 6:30 PM CDT Sunday was 7.3 feet.\n- Forecast...The river is cresting. It is then forecast to begin\ngradually falling through the middle of the week.\n- Flood stage is 7.0 feet.\n- Flood History...This crest compares to a previous crest of 7.3\nfeet on 05/11/2019.\n- http://www.weather.gov/safety/flood","instruction":"A Flood Warning means water levels above flood stage are imminent or\nmay already be occurring. Persons along rivers and streams in the\nwarned area should take immediate precautions to protect life and\nproperty.\n\nThese forecasts are based almost entirely on observed precipitation\nas little to no additional precipitation is currently expected over\nthe next 24 to 48 hours.\n\nAdditional information is available at www.weather.gov.\n\nThe next statement will be issued by Monday afternoon.","area":"Lake, IL","url":"https://api.weather.gov/alerts/urn:oid:2.49.0.1.840.0.9cc5e1619dbea163166f6f89d04c0cc708f97b84.001.1","sender":"NWS Chicago IL","started_at":"2026-10-04T19:27:00-05:00","ended_at":"2026-10-05T13:30:00-05:00","rep_point":[-87.93142857142857,42.462857142857146]}},{"type":"Feature","geometry":{"type":"Polygon","coordinates":[[[-80.28,31.11],[-80.32,30.94],[-80.43,30.71],[-80.43,30.63],[-80.41,30.5],[-80.86,30.52],[-80.95,30.6],[-80.93,31.12],[-80.91,31.23],[-80.28,31.11]]]},"properties":{"id":"nws:urn:oid:2.49.0.1.840.0.449f53b3a0e63a7921f6300d1460c495ab2ead54.002.1","source":"NOAA NWS","category":"weather","event_type":"Special Marine Warning","severity":"severe","title":"Special Marine Warning issued October 4 at 8:20PM EDT until October 4 at 9:30PM EDT by NWS Jacksonville FL","description":"For the following areas...\nWaters from Altamaha Sound GA to Fernandina Beach FL from 20 to 60\nNM...\nWaters from Fernandina Beach to St. Augustine FL from 20 to 60 NM...\n\nAt 819 PM EDT, severe thunderstorms capable of producing waterspouts\nwere located along a line extending from 10 nm southeast of Tug Rio\nCaroni to 34 nm south of D R H Buoy to 34 nm east of Talbot Island,\nmoving east at 15 knots.\n\nHAZARD...Waterspouts and wind gusts 34 knots or greater.\n\nSOURCE...Radar indicated.\n\nIMPACT...Waterspouts can easily overturn boats and create locally\nhazardous seas. Small craft could be damaged in briefly\nhigher winds and suddenly higher waves.\n\nSevere thunderstorms will remain over mainly open waters.","instruction":"Thunderstorms can produce sudden waterspouts. Waterspouts can easily\noverturn boats and create locally hazardous seas. Seek safe harbor\nimmediately. If your vessel is caught offshore, immediately secure\nfor heavy weather. Ensure all crew members are wearing USCG approved\nType I life jackets and nonessential crew are below decks. Deploy\njack lines and harnesses if available. Check life saving equipment,\nincluding batteries on handheld radios, for readiness.","area":"Waters from Altamaha Sound GA to Fernandina Beach FL from 20 to 60 NM; Waters from Fernandina Beach to St. Augustine FL from 20 to 60 NM","url":"https://api.weather.gov/alerts/urn:oid:2.49.0.1.840.0.449f53b3a0e63a7921f6300d1460c495ab2ead54.002.1","sender":"NWS Jacksonville FL","started_at":"2026-10-04T20:20:00-04:00","ended_at":"2026-10-04T21:30:00-04:00","rep_point":[-80.58000000000001,30.847]}},{"type":"Feature","geometry":{"type":"Polygon","coordinates":[[[-81.21,30.13],[-81.17,30.29],[-81.17,30.41],[-80.67,30.5],[-80.62,30.2],[-80.69,30.04],[-81.21,30.13]]]},"properties":{"id":"nws:urn:oid:2.49.0.1.840.0.417cd312658255572cd09a26f819a978f5d4093e.001.1","source":"NOAA NWS","category":"weather","event_type":"Special Marine Warning","severity":"severe","title":"Special Marine Warning issued October 4 at 8:17PM EDT until October 4 at 9:45PM EDT by NWS Jacksonville FL","description":"SMWJAX\n\nThe National Weather Service in Jacksonville has issued a\n\n* Special Marine Warning for...\nCoastal waters from Fernandina Beach to St. Augustine FL out 20\nNM...\nWaters from Fernandina Beach to St. Augustine FL from 20 to 60\nNM...\n\n* Until 945 PM EDT.\n\n* At 816 PM EDT, strong to severe thunderstorms capable of producing\nwaterspouts were centered 16 nm east of Palm Valley, or 24 nm\nnortheast of Saint Augustine, moving east at 15 knots.\n\nHAZARD...Waterspouts and wind gusts 34 knots or greater.\n\nSOURCE...Radar.\n\nIMPACT...Waterspouts can easily overturn boats and create locally\nhazardous seas. Small craft could be damaged in briefly\nhigher winds and suddenly higher waves.\n\n* Locations impacted include...\nCasablanca Reef.","instruction":"Thunderstorms can produce sudden waterspouts. Waterspouts can easily\noverturn boats and create locally hazardous seas. Seek safe harbor\nimmediately. If your vessel is caught offshore, immediately secure\nfor heavy weather. Ensure all crew members are wearing USCG approved\nType I life jackets and nonessential crew are below decks. Deploy\njack lines and harnesses if available. Check life saving equipment,\nincluding batteries on handheld radios, for readiness.","area":"Coastal waters from Fernandina Beach to St. Augustine FL out 20 NM; Waters from Fernandina Beach to St. Augustine FL from 20 to 60 NM","url":"https://api.weather.gov/alerts/urn:oid:2.49.0.1.840.0.417cd312658255572cd09a26f819a978f5d4093e.001.1","sender":"NWS Jacksonville FL","started_at":"2026-10-04T20:17:00-04:00","ended_at":"2026-10-04T21:45:00-04:00","rep_point":[-80.96285714285715,30.24285714285714]}},{"type":"Feature","geometry":{"type":"Polygon","coordinates":[[[-82.28,32.99],[-82.2,33.01],[-82.12,32.99],[-82.08,32.92],[-82.12,32.88],[-82.15,32.82],[-82.15,32.81],[-82.16,32.82],[-82.21,32.8],[-82.22,32.81],[-82.24,32.81],[-82.25,32.82],[-82.26,32.82],[-82.3,32.83],[-82.32,32.83],[-82.27,32.94],[-82.28,32.99]]]},"properties":{"id":"nws:urn:oid:2.49.0.1.840.0.48260962a27e0b33db705a662277137d319face4.001.1","source":"NOAA NWS","category":"flood","event_type":"Flash Flood Warning","severity":"severe","title":"Flash Flood Warning issued October 4 at 8:17PM EDT until October 4 at 11:15PM EDT by NWS Columbia SC","description":"FFWCAE\n\nThe National Weather Service in Columbia has issued a\n\n* Flash Flood Warning for...\nSouthwestern Burke County in east central Georgia...\n\n* Until 1115 PM EDT.\n\n* At 817 PM EDT, Doppler radar indicated thunderstorms producing\nheavy rain across the warned area. Between 2.5 and 4.5 inches of\nrain have fallen. Additional rainfall amounts of 1 to 1.5 inches\nare possible in the warned area. Flash flooding is ongoing or\nexpected to begin shortly.\n\nHAZARD...Flash flooding caused by thunderstorms.\n\nSOURCE...Radar indicated.\n\nIMPACT...Flash flooding of small creeks and streams, urban areas,\nhighways, streets and underpasses as well as other poor\ndrainage and low-lying areas.\n\n* Some locations that will experience flash flooding include...\nMidville, Magruder and Rosier.","instruction":"Most flooding deaths occur in vehicles. Never drive through a flooded\nroadway or around barricades. Turn around, don't drown.","area":"Burke, GA","url":"https://api.weather.gov/alerts/urn:oid:2.49.0.1.840.0.48260962a27e0b33db705a662277137d319face4.001.1","sender":"NWS Columbia SC","started_at":"2026-10-04T20:17:00-04:00","ended_at":"2026-10-04T23:15:00-04:00","rep_point":[-82.21235294117646,32.875882352941176]}},{"type":"Feature","geometry":{"type":"Polygon","coordinates":[[[-87.99,30.06],[-87.41,30.3],[-87.18,29.78],[-87.7,29.45],[-88.06,29.38],[-88.28,29.82],[-87.99,30.06]]]},"properties":{"id":"nws:urn:oid:2.49.0.1.840.0.0931f3907f5f0f6baf12d15fa2b525e7e5945f20.001.1","source":"NOAA NWS","category":"weather","event_type":"Special Marine Warning","severity":"severe","title":"Special Marine Warning issued October 4 at 7:13PM CDT until October 4 at 9:15PM CDT by NWS Mobile AL","description":"SMWMOB\n\nThe National Weather Service in Mobile has issued a\n\n* Special Marine Warning for...\nCoastal waters from Pensacola FL to Pascagoula MS out 20 NM...\nWaters from Pensacola FL to Pascagoula MS from 20 to 60 NM...\n\n* Until 915 PM CDT.\n\n* At 713 PM CDT, a strong thunderstorm capable of producing\nwaterspouts was located 19 nm south of Farewell Buoy, moving east\nat 10 knots.\n\nHAZARD...Waterspouts and wind gusts 34 knots or greater.\n\nSOURCE...Radar.\n\nIMPACT...Waterspouts can easily overturn boats and create locally\nhazardous seas. Small craft could be damaged in briefly\nhigher winds and suddenly higher waves.\n\n* The strong thunderstorm will remain over mainly open waters.","instruction":"Move to safe harbor until hazardous weather passes.\n\nThunderstorms can produce sudden waterspouts. Waterspouts can easily\noverturn boats and create locally hazardous seas. Seek safe harbor\nimmediately.","area":"Coastal waters from Pensacola FL to Pascagoula MS out 20 NM; Waters from Pensacola FL to Pascagoula MS from 20 to 60 NM","url":"https://api.weather.gov/alerts/urn:oid:2.49.0.1.840.0.0931f3907f5f0f6baf12d15fa2b525e7e5945f20.001.1","sender":"NWS Mobile AL","started_at":"2026-10-04T19:13:00-05:00","ended_at":"2026-10-04T21:15:00-05:00","rep_point":[-87.80142857142857,29.835714285714285]}},{"type":"Feature","geometry":{"type":"Polygon","coordinates":[[[-88.07,31.98],[-88.47,31.96],[-88.42,32.31],[-87.93,32.31],[-87.93,32.28],[-87.95,32.29],[-87.94,32.3],[-87.98,32.3],[-88.02,32.28],[-88.01,32.18],[-88.02,32.15],[-88.04,32.14],[-88.04,32.08],[-88.07,32.06],[-88.12,32.05],[-88.11,32],[-88.1,31.99],[-88.09,32.01],[-88.07,31.99],[-88.07,31.98]]]},"properties":{"id":"nws:urn:oid:2.49.0.1.840.0.74465a2640eec84b789bfdc74f711e9b7c47bd4c.001.1","source":"NOAA NWS","category":"flood","event_type":"Flood Advisory","severity":"minor","title":"Flood Advisory issued October 4 at 7:08PM CDT until October 4 at 10:15PM CDT by NWS Mobile AL","description":"* WHAT...Flooding caused by excessive rainfall is expected.\n\n* WHERE...Northern Choctaw County in southwestern Alabama...\n\n* WHEN...Until 1015 PM CDT.\n\n* IMPACTS...Minor flooding in low-lying and poor drainage areas.\n\n* ADDITIONAL DETAILS...\n- At 707 PM CDT, Doppler radar indicated heavy rain due to\nthunderstorms. Minor flooding is ongoing or expected to begin\nshortly in the advisory area. Between 1 and 2 inches of rain have\nfallen.\n- Additional rainfall amounts of 1 to 2 inches are expected over\nthe area. This additional rain will result in minor flooding.\n- Some locations that will experience flooding include...\nButler, Lisman, Pennington, Little Walker, Cromwell, Mount\nSterling, Mollie, Jachin, Red Springs, West Butler, Pushmataha,\nRobjohn, Halsell, Land, Lavaca, Yantley, Pelham, Bogueloosa,\nCyril and Needham.\n- http://www.weather.gov/safety/flood","instruction":"Turn around, don't drown when encountering flooded roads. Most flood\ndeaths occur in vehicles.\n\nBe especially cautious at night when it is harder to recognize the\ndangers of flooding.","area":"Choctaw, AL","url":"https://api.weather.gov/alerts/urn:oid:2.49.0.1.840.0.74465a2640eec84b789bfdc74f711e9b7c47bd4c.001.1","sender":"NWS Mobile AL","started_at":"2026-10-04T19:08:00-05:00","ended_at":"2026-10-04T22:15:00-05:00","rep_point":[-88.07249999999996,32.132]}},{"type":"Feature","geometry":{"type":"Polygon","coordinates":[[[-82.16,30.56],[-81.79,30.56],[-81.74,30.5],[-81.75,30.45],[-81.78,30.42],[-81.87,30.39],[-81.9,30.36],[-81.93,30.36],[-82.02,30.31],[-82.11,30.29],[-82.11,30.3],[-82.15,30.27],[-82.31,30.22],[-82.41,30.17],[-82.44,30.21],[-82.43,30.21],[-82.44,30.24],[-82.43,30.24],[-82.42,30.43],[-82.22,30.5],[-82.16,30.56]]]},"properties":{"id":"nws:urn:oid:2.49.0.1.840.0.65389a84d228a954a042c8b201432b4f3dfdfa26.001.1","source":"NOAA NWS","category":"flood","event_type":"Flood Advisory","severity":"minor","title":"Flood Advisory issued October 4 at 7:59PM EDT until October 4 at 11:00PM EDT by NWS Jacksonville FL","description":"* WHAT...Flooding caused by excessive rainfall is expected.\n\n* WHERE...Central Baker County in northeastern Florida...\nNorthwestern Duval County in northeastern Florida...\nSouthwestern Nassau County in northeastern Florida...\nSoutheastern Charlton County in southeastern Georgia...\n\n* WHEN...Until 1100 PM EDT.\n\n* IMPACTS...Minor flooding in low-lying and poor drainage areas.\n\n* ADDITIONAL DETAILS...\n- At 758 PM EDT, Doppler radar indicated heavy rain due to\nthunderstorms. Minor flooding is ongoing or expected to begin\nshortly in the advisory area. Between 1 and 3.5 inches of rain\nhave fallen.\n- Additional rainfall amounts of up to 1.5 inches are expected over\nthe area. This additional rain will result in minor flooding.\n- Some locations that will experience flooding include...\nCallahan, Taylor, Macclenny, Glen St. Mary, St. George,\nBryceville, Sanderson, Ratliff and Nassau Village-Ratliff.\n- http://www.weather.gov/safety/flood","instruction":"Turn around, don't drown when encountering flooded roads. Most flood\ndeaths occur in vehicles.","area":"Baker, FL; Duval, FL; Nassau, FL; Charlton, GA","url":"https://api.weather.gov/alerts/urn:oid:2.49.0.1.840.0.65389a84d228a954a042c8b201432b4f3dfdfa26.001.1","sender":"NWS Jacksonville FL","started_at":"2026-10-04T19:59:00-04:00","ended_at":"2026-10-04T23:00:00-04:00","rep_point":[-82.12238095238098,30.3595238095238]}},{"type":"Feature","geometry":{"type":"Polygon","coordinates":[[[-81.33,28.35],[-81.28,28.49],[-81.2,28.48],[-81.2,28.43],[-81.27,28.21],[-81.37,28.22],[-81.33,28.35]]]},"properties":{"id":"nws:urn:oid:2.49.0.1.840.0.26f5c2710d43cf55dfd0e4fdfda789beac843bea.001.1","source":"NOAA NWS","category":"flood","event_type":"Flood Advisory","severity":"minor","title":"Flood Advisory issued October 4 at 7:40PM EDT until October 4 at 9:00PM EDT by NWS Melbourne FL","description":"* WHAT...Flooding caused by excessive rainfall is expected.\n\n* WHERE...South Central Orange County in east central Florida...\nNorth Central Osceola County in east central Florida...\n\n* WHEN...Until 900 PM EDT.\n\n* IMPACTS...Minor flooding in low-lying and poor drainage areas.\n\n* ADDITIONAL DETAILS...\n- At 739 PM EDT, Doppler radar indicated heavy rain due to\nthunderstorms. Minor flooding is ongoing or expected to begin\nshortly in the advisory area. Between 1 and 2 inches of rain have\nfallen.\n- Additional rainfall amounts of 1 to 2 inches are expected over\nthe area. This additional rain will result in minor flooding.\n- Some locations that will experience flooding include...\nSaint Cloud, East Lake Toho, Austin Tindall Park, Lake Hart, Lake\nNona and Meadow Woods.\n- http://www.weather.gov/safety/flood","instruction":"Turn around, don't drown when encountering flooded roads. Most flood\ndeaths occur in vehicles.\n\nBe especially cautious at night when it is harder to recognize the\ndangers of flooding.","area":"Orange, FL; Osceola, FL","url":"https://api.weather.gov/alerts/urn:oid:2.49.0.1.840.0.26f5c2710d43cf55dfd0e4fdfda789beac843bea.001.1","sender":"NWS Melbourne FL","started_at":"2026-10-04T19:40:00-04:00","ended_at":"2026-10-04T21:00:00-04:00","rep_point":[-81.28285714285714,28.361428571428572]}},{"type":"Feature","geometry":{"type":"Polygon","coordinates":[[[-82.29,33.04],[-82.15,33.09],[-81.84,33.13],[-81.7,32.95],[-81.77,32.91],[-81.78,32.93],[-81.82,32.95],[-81.86,32.95],[-81.96,32.92],[-82.08,32.92],[-82.12,32.88],[-82.15,32.82],[-82.15,32.81],[-82.21,32.8],[-82.32,32.83],[-82.27,32.94],[-82.29,33.04]]]},"properties":{"id":"nws:urn:oid:2.49.0.1.840.0.b11bf293befdb05ead9dd5e59b73c989b1b47afa.001.1","source":"NOAA NWS","category":"flood","event_type":"Flood Advisory","severity":"minor","title":"Flood Advisory issued October 4 at 7:36PM EDT until October 4 at 10:30PM EDT by NWS Columbia SC","description":"* WHAT...Flooding caused by excessive rainfall is expected.\n\n* WHERE...Southern Burke County in east central Georgia...\n\n* WHEN...Until 1030 PM EDT.\n\n* IMPACTS...Minor flooding in low-lying and poor drainage areas.\n\n* ADDITIONAL DETAILS...\n- At 736 PM EDT, Doppler radar indicated heavy rain due to\nthunderstorms. Minor flooding is ongoing or expected to begin\nshortly in the advisory area. Between 1 and 3 inches of rain have\nfallen.\n- Additional rainfall amounts of 0.5 to 1.5 inches are expected\nover the area. This additional rain will result in minor\nflooding.\n- Some locations that will experience flooding include...\nWaynesboro, Sardis, Midville, Burke County Airport, Alexander,\nVidette, Di-Lane Wildlife Management Area, Rosier and Magruder.\n- http://www.weather.gov/safety/flood","instruction":"Most flooding deaths occur in vehicles. Never drive through a flooded\nroadway or around barricades. Turn around, don't drown.","area":"Burke, GA","url":"https://api.weather.gov/alerts/urn:oid:2.49.0.1.840.0.b11bf293befdb05ead9dd5e59b73c989b1b47afa.001.1","sender":"NWS Columbia SC","started_at":"2026-10-04T19:36:00-04:00","ended_at":"2026-10-04T22:30:00-04:00","rep_point":[-82.04470588235294,32.93588235294118]}},{"type":"Feature","geometry":{"type":"Polygon","coordinates":[[[-88.7,29.46],[-88.34,29.98],[-88.31,29.88],[-88.12,29.51],[-88.51,29.31],[-88.7,29.46]]]},"properties":{"id":"nws:urn:oid:2.49.0.1.840.0.d493559d540d68f55cc16178adf28f2d5094e565.001.1","source":"NOAA NWS","category":"weather","event_type":"Special Marine Warning","severity":"severe","title":"Special Marine Warning issued October 4 at 6:31PM CDT until October 4 at 8:00PM CDT by NWS New Orleans LA","description":"SMWLIX\n\nThe National Weather Service in New Orleans has issued a\n\n* Special Marine Warning for...\nCoastal waters from Pascagoula Mississippi to Stake Island out 20\nNM...\nCoastal waters from Pascagoula Mississippi to Stake Island\nLouisiana out 20 to 60 NM...\n\n* Until 800 PM CDT.\n\n* At 631 PM CDT, a severe thunderstorm capable of producing\nwaterspouts was located 39 NM southeast of Chandeleur Sound, moving\nnortheast at 15 knots.\n\nHAZARD...Waterspouts and wind gusts to 34 knots.\n\nSOURCE...Radar indicated.\n\nIMPACT...Waterspouts can easily overturn boats and create locally\nhazardous seas. Small craft could be damaged in briefly\nhigher winds and suddenly higher waves.\n\n* Locations impacted include...\nMainly open waters from Pascagoula Mississippi to Stake Island out\n20 NM and Coastal waters from Pascagoula Mississippi to Stake\nIsland Louisiana out 20 to 60 NM.","instruction":"Move to safe harbor until hazardous weather passes.","area":"Coastal waters from Pascagoula Mississippi to Stake Island out 20 NM; Coastal waters from Pascagoula Mississippi to Stake Island Louisiana out 20 to 60 NM","url":"https://api.weather.gov/alerts/urn:oid:2.49.0.1.840.0.d493559d540d68f55cc16178adf28f2d5094e565.001.1","sender":"NWS New Orleans LA","started_at":"2026-10-04T18:31:00-05:00","ended_at":"2026-10-04T20:00:00-05:00","rep_point":[-88.44666666666667,29.599999999999998]}},{"type":"Feature","geometry":{"type":"Polygon","coordinates":[[[-91.98,38.64],[-91.85,38.71],[-91.6,38.73],[-91.6,38.65],[-91.81,38.64],[-91.94,38.58],[-91.98,38.64]]]},"properties":{"id":"nws:urn:oid:2.49.0.1.840.0.c110032d039342c8c9a55ef982ffd0c8cbe793e4.001.1","source":"NOAA NWS","category":"flood","event_type":"Flood Warning","severity":"severe","title":"Flood Warning issued October 4 at 11:09AM CDT until October 8 at 8:20AM CDT by NWS St Louis MO","description":"...The Flood Warning is extended for the following rivers in\nMissouri...\n\nMissouri River near Chamois.\n\n...The Flood Warning continues for the following rivers in\nMissouri...\n\nMissouri River at Jefferson City.\n\nMissouri River at Hermann.\n\nRiver forecasts are based on observed precipitation and forecast\nprecipitation for the next 48 hours.\n\n* WHAT...Minor flooding is forecast.\n\n* WHERE...Missouri River near Chamois.\n\n* WHEN...From this evening to Thursday morning.\n\n* IMPACTS...At 17.0 feet, Flood Stage:  Lower lying bottom land\nbegins to flood.\n\n* ADDITIONAL DETAILS...\n- At 7:00 AM CDT Sunday the stage was 15.6 feet.\n- Forecast...The river is expected to rise above flood stage late\nthis evening to a crest of 18.4 feet early Tuesday morning. It\nwill then fall below flood stage Tuesday evening.\n- Flood stage is 17.0 feet.","instruction":"Turn around, don't drown when encountering flooded roads. Most flood\ndeaths occur in vehicles.\n\nThis product, along with additional weather and stream information,\nis available at https://water.noaa.gov/wfo/lsx","area":"Callaway, MO; Osage, MO","url":"https://api.weather.gov/alerts/urn:oid:2.49.0.1.840.0.c110032d039342c8c9a55ef982ffd0c8cbe793e4.001.1","sender":"NWS St Louis MO","started_at":"2026-10-04T11:09:00-05:00","ended_at":"2026-10-05T23:15:00-05:00","rep_point":[-91.82285714285715,38.65571428571428]}},{"type":"Feature","geometry":{"type":"Polygon","coordinates":[[[-91.6,38.73],[-91.36,38.75],[-91.19,38.66],[-91.19,38.59],[-91.44,38.67],[-91.6,38.65],[-91.6,38.73]]]},"properties":{"id":"nws:urn:oid:2.49.0.1.840.0.c110032d039342c8c9a55ef982ffd0c8cbe793e4.003.1","source":"NOAA NWS","category":"flood","event_type":"Flood Warning","severity":"severe","title":"Flood Warning issued October 4 at 11:09AM CDT until October 7 at 2:30PM CDT by NWS St Louis MO","description":"...The Flood Warning is extended for the following rivers in\nMissouri...\n\nMissouri River near Chamois.\n\n...The Flood Warning continues for the following rivers in\nMissouri...\n\nMissouri River at Jefferson City.\n\nMissouri River at Hermann.\n\nRiver forecasts are based on observed precipitation and forecast\nprecipitation for the next 48 hours.\n\n* WHAT...Minor flooding is forecast.\n\n* WHERE...Missouri River at Hermann.\n\n* WHEN...From Monday evening to Wednesday afternoon.\n\n* IMPACTS...At 21.3 feet, The southern end of School House Road south\nof Rhineland begins flooding near this height.\n\n* ADDITIONAL DETAILS...\n- At 10:30 AM CDT Sunday the stage was 18.2 feet.\n- Forecast...The river is expected to rise above flood stage\ntomorrow evening to a crest of 21.2 feet early Tuesday morning.\nIt will then fall below flood stage Tuesday morning.\n- Flood stage is 21.0 feet.","instruction":"Turn around, don't drown when encountering flooded roads. Most flood\ndeaths occur in vehicles.\n\nThis product, along with additional weather and stream information,\nis available at https://water.noaa.gov/wfo/lsx","area":"Gasconade, MO; Montgomery, MO","url":"https://api.weather.gov/alerts/urn:oid:2.49.0.1.840.0.c110032d039342c8c9a55ef982ffd0c8cbe793e4.003.1","sender":"NWS St Louis MO","started_at":"2026-10-04T11:09:00-05:00","ended_at":"2026-10-05T23:15:00-05:00","rep_point":[-91.42571428571429,38.68285714285714]}},{"type":"Feature","geometry":{"type":"Polygon","coordinates":[[[-91.98,38.64],[-91.92,38.55],[-92.17,38.53],[-92.39,38.67],[-92.45,38.8],[-92.36,38.82],[-92.19,38.67],[-91.98,38.64]]]},"properties":{"id":"nws:urn:oid:2.49.0.1.840.0.c110032d039342c8c9a55ef982ffd0c8cbe793e4.002.1","source":"NOAA NWS","category":"flood","event_type":"Flood Warning","severity":"severe","title":"Flood Warning issued October 4 at 11:09AM CDT until October 7 at 1:00AM CDT by NWS St Louis MO","description":"...The Flood Warning is extended for the following rivers in\nMissouri...\n\nMissouri River near Chamois.\n\n...The Flood Warning continues for the following rivers in\nMissouri...\n\nMissouri River at Jefferson City.\n\nMissouri River at Hermann.\n\nRiver forecasts are based on observed precipitation and forecast\nprecipitation for the next 48 hours.\n\n* WHAT...Minor flooding is forecast.\n\n* WHERE...Missouri River at Jefferson City.\n\n* WHEN...From Monday afternoon to late Tuesday night.\n\n* IMPACTS...At 24.5 feet, The Katy Trail Floods near Rocheport.\n\n* ADDITIONAL DETAILS...\n- At 10:45 AM CDT Sunday the stage was 20.5 feet.\n- Forecast...The river is expected to rise to a crest of 23.0 feet\nearly tomorrow afternoon. It will then fall below flood stage\ntomorrow evening.\n- Flood stage is 23.0 feet.","instruction":"Turn around, don't drown when encountering flooded roads. Most flood\ndeaths occur in vehicles.\n\nThis product, along with additional weather and stream information,\nis available at https://water.noaa.gov/wfo/lsx","area":"Boone, MO; Callaway, MO; Cole, MO; Moniteau, MO","url":"https://api.weather.gov/alerts/urn:oid:2.49.0.1.840.0.c110032d039342c8c9a55ef982ffd0c8cbe793e4.002.1","sender":"NWS St Louis MO","started_at":"2026-10-04T11:09:00-05:00","ended_at":"2026-10-05T23:15:00-05:00","rep_point":[-92.18,38.665]}},{"type":"Feature","geometry":{"type":"Polygon","coordinates":[[[-91.1,39.46],[-90.99,39.53],[-90.88,39.46],[-90.97,39.39],[-91,39.41],[-91.03,39.39],[-91.1,39.46]]]},"properties":{"id":"nws:urn:oid:2.49.0.1.840.0.c3d6ad78bf087c455c3f8273d6dc660ef0913cd0.002.1","source":"NOAA NWS","category":"flood","event_type":"Flood Warning","severity":"severe","title":"Flood Warning issued October 4 at 11:05AM CDT until October 7 at 1:00PM CDT by NWS St Louis MO","description":"...The Flood Warning continues for the following rivers in\nMissouri...Illinois...\n\nMississippi River at Clarksville.\n\n...The Flood Warning is extended for the following rivers in\nMissouri...Illinois...\n\nMississippi River at Louisiana.\n\nRiver forecasts are based on observed precipitation and forecast\nprecipitation for the next 48 hours.\n\n* WHAT...Minor flooding is occurring and minor flooding is forecast.\n\n* WHERE...Mississippi River at Louisiana.\n\n* WHEN...Until Wednesday afternoon.\n\n* IMPACTS...At 15.0 feet, The first quarter mile of Edison Avenue\nbeyond the railroad tracks begins flooding near this height.\n\n* ADDITIONAL DETAILS...\n- At 10:30 AM CDT Sunday the stage was 15.2 feet.\n- Recent Activity...The maximum river stage in the 24 hours ending\nat 10:30 AM CDT Sunday was 15.3 feet.\n- Forecast...The river is expected to rise to a crest of 15.3 feet\nthis afternoon. It will then fall below flood stage Tuesday\nmorning.\n- Flood stage is 15.0 feet.","instruction":"Turn around, don't drown when encountering flooded roads. Most flood\ndeaths occur in vehicles.\n\nThis product, along with additional weather and stream information,\nis available at https://water.noaa.gov/wfo/lsx","area":"Pike, IL; Pike, MO","url":"https://api.weather.gov/alerts/urn:oid:2.49.0.1.840.0.c3d6ad78bf087c455c3f8273d6dc660ef0913cd0.002.1","sender":"NWS St Louis MO","started_at":"2026-10-04T11:05:00-05:00","ended_at":"2026-10-05T23:15:00-05:00","rep_point":[-91.00999999999999,39.44285714285714]}},{"type":"Feature","geometry":{"type":"Polygon","coordinates":[[[-90.97,39.39],[-90.88,39.46],[-90.81,39.4],[-90.75,39.32],[-90.71,39.25],[-90.83,39.25],[-90.9,39.3],[-90.88,39.32],[-90.92,39.36],[-90.95,39.35],[-90.97,39.39]]]},"properties":{"id":"nws:urn:oid:2.49.0.1.840.0.c3d6ad78bf087c455c3f8273d6dc660ef0913cd0.001.1","source":"NOAA NWS","category":"flood","event_type":"Flood Warning","severity":"severe","title":"Flood Warning issued October 4 at 11:05AM CDT until October 6 at 7:00PM CDT by NWS St Louis MO","description":"...The Flood Warning continues for the following rivers in\nMissouri...Illinois...\n\nMississippi River at Clarksville.\n\n...The Flood Warning is extended for the following rivers in\nMissouri...Illinois...\n\nMississippi River at Louisiana.\n\nRiver forecasts are based on observed precipitation and forecast\nprecipitation for the next 48 hours.\n\n* WHAT...Minor flooding is occurring and minor flooding is forecast.\n\n* WHERE...Mississippi River at Clarksville.\n\n* WHEN...Until Tuesday evening.\n\n* IMPACTS...At 25.3 feet, The road to Port Marmac, a riverside\ncommunity of about 13 homes just south of Clarksville, begins\nflooding.\n\n* ADDITIONAL DETAILS...\n- At 10:30 AM CDT Sunday the stage was 25.0 feet.\n- Recent Activity...The maximum river stage in the 24 hours ending\nat 10:30 AM CDT Sunday was 25.2 feet.\n- Forecast...The river is expected to rise to a crest of 25.1 feet\nthis afternoon. It will then fall below flood stage early\ntomorrow afternoon.\n- Flood stage is 25.0 feet.","instruction":"Turn around, don't drown when encountering flooded roads. Most flood\ndeaths occur in vehicles.\n\nThis product, along with additional weather and stream information,\nis available at https://water.noaa.gov/wfo/lsx","area":"Calhoun, IL; Pike, MO","url":"https://api.weather.gov/alerts/urn:oid:2.49.0.1.840.0.c3d6ad78bf087c455c3f8273d6dc660ef0913cd0.001.1","sender":"NWS St Louis MO","started_at":"2026-10-04T11:05:00-05:00","ended_at":"2026-10-05T23:15:00-05:00","rep_point":[-90.86999999999999,39.344545454545454]}},{"type":"Feature","geometry":{"type":"Polygon","coordinates":[[[-93.6,41.56],[-93.68,41.54],[-93.68,41.59],[-93.61,41.6],[-93.6,41.56]]]},"properties":{"id":"nws:urn:oid:2.49.0.1.840.0.7769dec4a770b706faa7da7c6ac2de8f49bfc91e.001.1","source":"NOAA NWS","category":"flood","event_type":"Flood Warning","severity":"severe","title":"Flood Warning issued October 4 at 10:35AM CDT until October 5 at 7:00PM CDT by NWS Des Moines IA","description":"...The Flood Warning is extended for the following rivers in Iowa...\n\nRaccoon River at Des Moines Fleur Dr affecting Polk County.\n\n* WHAT...Minor flooding is occurring.\n\n* WHERE...Raccoon River at Des Moines Fleur Dr, or from Walnut Creek\nto the Des Moines River.\n\n* WHEN...Until Monday evening.\n\n* IMPACTS...At 13.5 feet, Water affects the low areas of Water Works\nPark.\n\n* ADDITIONAL DETAILS...\n- At 10:17 AM CDT Sunday the stage was 13.6 feet, and falling.\n- Forecast...The river is expected to fall below flood stage early\ntomorrow afternoon and continue falling to 4.3 feet Sunday,\nOctober 11.\n- Flood stage is 12.0 feet.","instruction":"Turn around, don't drown when encountering flooded roads. Most flood\ndeaths occur in vehicles.\n\nFor the latest stream observations and forecasts refer to\nweather.gov/desmoines/water.\n\nRiver forecasts include observed precipitation plus forecast\nprecipitation over the next 48 hours.","area":"Polk, IA","url":"https://api.weather.gov/alerts/urn:oid:2.49.0.1.840.0.7769dec4a770b706faa7da7c6ac2de8f49bfc91e.001.1","sender":"NWS Des Moines IA","started_at":"2026-10-04T10:35:00-05:00","ended_at":"2026-10-05T00:00:00-05:00","rep_point":[-93.63400000000001,41.57]}},{"type":"Feature","geometry":{"type":"Polygon","coordinates":[[[-92.77,41.97],[-92.77,42.08],[-92.3,41.92],[-92.3,41.81],[-92.77,41.97]]]},"properties":{"id":"nws:urn:oid:2.49.0.1.840.0.cc03bdced0d662ba7ab3ef675badec8a3369834d.001.1","source":"NOAA NWS","category":"flood","event_type":"Flood Warning","severity":"severe","title":"Flood Warning issued October 4 at 10:34AM CDT until October 6 at 8:30AM CDT by NWS Des Moines IA","description":"...The Flood Warning is extended for the following rivers in Iowa...\n\nIowa River near Tama Hwy E49 affecting Tama and Poweshiek Counties.\n\n* WHAT...Minor flooding is forecast.\n\n* WHERE...Iowa River near Tama Hwy E49, or from Timber Creek near Le\nGrand to Salt Creek near Belle Plaine.\n\n* WHEN...Until Tuesday morning.\n\n* IMPACTS...At 12.8 feet, Water affects portions of C Ave and D Ave\nfrom US 30 to the south.\n\n* ADDITIONAL DETAILS...\n- At 10:00 AM CDT Sunday the stage was 12.4 feet, and falling.\n- Forecast...The river is expected to rise above flood stage this\nafternoon to a crest of 12.9 feet tomorrow morning. It will then\nfall below flood stage early Tuesday morning.\n- Flood stage is 12.5 feet.","instruction":"Turn around, don't drown when encountering flooded roads. Most flood\ndeaths occur in vehicles.\n\nFor the latest stream observations and forecasts refer to\nweather.gov/desmoines/water.\n\nRiver forecasts include observed precipitation plus forecast\nprecipitation over the next 48 hours.","area":"Poweshiek, IA; Tama, IA","url":"https://api.weather.gov/alerts/urn:oid:2.49.0.1.840.0.cc03bdced0d662ba7ab3ef675badec8a3369834d.001.1","sender":"NWS Des Moines IA","started_at":"2026-10-04T10:34:00-05:00","ended_at":"2026-10-05T00:00:00-05:00","rep_point":[-92.582,41.95]}},{"type":"Feature","geometry":{"type":"Polygon","coordinates":[[[-92.87,41.41],[-93.16,41.59],[-93.35,41.68],[-93.35,41.76],[-93.09,41.7],[-92.87,41.51],[-92.87,41.41]]]},"properties":{"id":"nws:urn:oid:2.49.0.1.840.0.73a969d8c98fabee8993e7747e307e3c035fc59a.001.1","source":"NOAA NWS","category":"flood","event_type":"Flood Warning","severity":"severe","title":"Flood Warning issued October 4 at 10:33AM CDT until October 5 at 1:00AM CDT by NWS Des Moines IA","description":"...The Flood Warning continues for the following rivers in Iowa...\n\nSouth Skunk River at Colfax affecting Marion, Polk and Jasper\nCounties.\n\n* WHAT...Minor flooding is forecast.\n\n* WHERE...South Skunk River at Colfax, or from the Jasper-Polk County\nLine to the Jasper-Marion County line.\n\n* WHEN...Until late tonight.\n\n* IMPACTS...At 19.0 feet, Water affects the earthen levee west of\ntown near the sewage disposal area. Evacuations may occur on the\nnorthwest side of Colfax. Flooding occurs in Reasnor.\n\n* ADDITIONAL DETAILS...\n- At 9:45 AM CDT Sunday the stage was 17.9 feet, and falling.\n- Forecast...The river is expected to rise to a crest of 18.0 feet\nthis afternoon. It will then fall below flood stage this evening.\n- Flood stage is 18.0 feet.","instruction":"Turn around, don't drown when encountering flooded roads. Most flood\ndeaths occur in vehicles.\n\nFor the latest stream observations and forecasts refer to\nweather.gov/desmoines/water.\n\nRiver forecasts include observed precipitation plus forecast\nprecipitation over the next 48 hours.","area":"Jasper, IA; Marion, IA; Polk, IA","url":"https://api.weather.gov/alerts/urn:oid:2.49.0.1.840.0.73a969d8c98fabee8993e7747e307e3c035fc59a.001.1","sender":"NWS Des Moines IA","started_at":"2026-10-04T10:33:00-05:00","ended_at":"2026-10-04T23:45:00-05:00","rep_point":[-93.08000000000001,41.57999999999999]}},{"type":"Feature","geometry":{"type":"Polygon","coordinates":[[[-92.28,42.48],[-92.47,42.35],[-92.53,42.35],[-92.53,42.42],[-92.38,42.53],[-92.28,42.48]]]},"properties":{"id":"nws:urn:oid:2.49.0.1.840.0.c3349e88269688db9fe75423e31acf3f362275d8.001.1","source":"NOAA NWS","category":"flood","event_type":"Flood Warning","severity":"severe","title":"Flood Warning issued October 4 at 10:27AM CDT until October 4 at 8:30PM CDT by NWS Des Moines IA","description":"...The Flood Warning is extended for the following rivers in Iowa...\n\nBlack Hawk Creek at Hudson affecting Black Hawk County.\n\n* WHAT...Minor flooding is occurring.\n\n* WHERE...Black Hawk Creek at Hudson, or from the Black Hawk-Grundy\nCounty line to the Cedar River in Waterloo.\n\n* WHEN...Until this evening.\n\n* IMPACTS...At 15.0 feet, Water affects Iowa 58 as well as Fletcher\nAve and Ridgeway Ave at US 63 in Waterloo. Water also affects\nWatters Rd. Some residential evacuations may be needed.\n\n* ADDITIONAL DETAILS...\n- At 9:45 AM CDT Sunday the stage was 15.2 feet, and falling.\n- Forecast...The river is expected to fall below flood stage this\nafternoon and continue falling to 8.0 feet Sunday, October 11.\n- Flood stage is 15.0 feet.","instruction":"Turn around, don't drown when encountering flooded roads. Most flood\ndeaths occur in vehicles.\n\nFor the latest stream observations and forecasts refer to\nweather.gov/desmoines/water.\n\nRiver forecasts include observed precipitation plus forecast\nprecipitation over the next 48 hours.","area":"Black Hawk, IA","url":"https://api.weather.gov/alerts/urn:oid:2.49.0.1.840.0.c3349e88269688db9fe75423e31acf3f362275d8.001.1","sender":"NWS Des Moines IA","started_at":"2026-10-04T10:27:00-05:00","ended_at":"2026-10-04T20:30:00-05:00","rep_point":[-92.41166666666665,42.435]}},{"type":"Feature","geometry":{"type":"Polygon","coordinates":[[[-86.5,30.78],[-86.49,30.78],[-86.53,30.69],[-86.63,30.69],[-86.63,30.7],[-86.55,30.7],[-86.5,30.78]]]},"properties":{"id":"nws:urn:oid:2.49.0.1.840.0.c404760ddbd73052b1f50d5c78c94e54763baec4.001.1","source":"NOAA NWS","category":"flood","event_type":"Flood Warning","severity":"severe","title":"Flood Warning issued October 4 at 10:19AM CDT until October 9 at 4:00AM CDT by NWS Mobile AL","description":"...The Flood Warning is extended for the following rivers in\nFlorida...\n\nShoal River Near Crestview affecting Okaloosa County.\n\nFor the Shoal River...including Crestview...Minor flooding is\nforecast.\n\n* WHAT...Minor flooding is forecast.\n\n* WHERE...Shoal River near Crestview.\n\n* WHEN...From Monday evening to late Thursday night.\n\n* IMPACTS...At 8.5 feet, Water in yards on Sowel Road.\n\n* ADDITIONAL DETAILS...\n- At 9:15 AM CDT Sunday the stage was 4.9 feet.\n- Forecast...The river is expected to rise above flood stage\ntomorrow evening to a crest of 8.9 feet early Tuesday afternoon.\nIt will then fall below flood stage late Thursday evening.\n- Flood stage is 8.0 feet.\n- http://www.weather.gov/safety/flood","instruction":"Motorists should not attempt to drive around barricades or drive cars\nthrough flooded areas.\n\nAdditional information is available at www.weather.gov/mob. Click on\nthe Rivers and Lakes menu for forecasts and observations.\n\nThe next statement will be issued when updates occur.","area":"Okaloosa, FL","url":"https://api.weather.gov/alerts/urn:oid:2.49.0.1.840.0.c404760ddbd73052b1f50d5c78c94e54763baec4.001.1","sender":"NWS Mobile AL","started_at":"2026-10-04T10:19:00-05:00","ended_at":"2026-10-04T22:30:00-05:00","rep_point":[-86.54714285714284,30.73142857142857]}},{"type":"Feature","geometry":{"type":"Polygon","coordinates":[[[-92.97,39.09],[-92.55,39.02],[-92.36,38.82],[-92.45,38.8],[-92.59,38.94],[-92.86,38.96],[-92.98,39.03],[-92.97,39.09]]]},"properties":{"id":"nws:urn:oid:2.49.0.1.840.0.1dc133a6e9976b60d800c6ceb1a3fb48fd11f07b.001.1","source":"NOAA NWS","category":"flood","event_type":"Flood Warning","severity":"severe","title":"Flood Warning issued October 4 at 10:17AM CDT until October 7 at 10:41AM CDT by NWS Kansas City/Pleasant Hill MO","description":"...The Flood Warning is extended for the following rivers in\nMissouri...\n\nMissouri River at Boonville affecting Howard, Cooper, Boone and\nMoniteau Counties.\n\nMissouri River At Miami affecting Chariton, Carroll and Saline\nCounties.\n\n...The Flood Warning continues for the following rivers in\nMissouri...\n\nMissouri River at Waverly affecting Carroll, Saline and Lafayette\nCounties.\n\nMissouri River at Napoleon affecting Jackson, Ray and Lafayette\nCounties.\n\nMissouri River at Glasgow affecting Chariton, Howard and Saline\nCounties.\n\n* WHAT...Minor flooding is occurring and minor flooding is forecast.\n\n* WHERE...Missouri River at Boonville.\n\n* WHEN...Until Wednesday morning.\n\n* IMPACTS...At 21.0 feet, Low-lying rural areas along the river\nflood. At 23.8 feet, Easley River Road and Smith Hatchery Road\nbegin to flood. At 25.0 feet, Numerous farm levees are overtopped.\nFlooding of agricultural land and secondary roads occurs. Backwater\nflooding on Perche Creek causes flooding in McBaine.\n\n* ADDITIONAL DETAILS...\n- At 9:04 AM CDT Sunday the stage was 23.3 feet.\n- Forecast...The river is expected to rise to a crest of 25.2 feet\ntomorrow morning. It will then fall below flood stage late\nTuesday morning.\n- Flood stage is 21.0 feet.\n- http://www.weather.gov/safety/flood","instruction":"Turn around, don't drown when encountering flooded roads. Most flood\ndeaths occur in vehicles.\n\nMotorists should not attempt to drive around barricades or drive cars\nthrough flooded areas.\n\nThis product along with additional weather and stream information is\navailable at www.weather.gov/kc/.","area":"Boone, MO; Cooper, MO; Howard, MO; Moniteau, MO","url":"https://api.weather.gov/alerts/urn:oid:2.49.0.1.840.0.1dc133a6e9976b60d800c6ceb1a3fb48fd11f07b.001.1","sender":"NWS Kansas City/Pleasant Hill MO","started_at":"2026-10-04T10:17:00-05:00","ended_at":"2026-10-05T10:30:00-05:00","rep_point":[-92.71625,38.96875]}},{"type":"Feature","geometry":{"type":"Polygon","coordinates":[[[-93.31,39.33],[-93.19,39.43],[-93.07,39.38],[-93.27,39.28],[-93.31,39.33]]]},"properties":{"id":"nws:urn:oid:2.49.0.1.840.0.1dc133a6e9976b60d800c6ceb1a3fb48fd11f07b.002.1","source":"NOAA NWS","category":"flood","event_type":"Flood Warning","severity":"severe","title":"Flood Warning issued October 4 at 10:17AM CDT until October 7 at 11:40AM CDT by NWS Kansas City/Pleasant Hill MO","description":"...The Flood Warning is extended for the following rivers in\nMissouri...\n\nMissouri River at Boonville affecting Howard, Cooper, Boone and\nMoniteau Counties.\n\nMissouri River At Miami affecting Chariton, Carroll and Saline\nCounties.\n\n...The Flood Warning continues for the following rivers in\nMissouri...\n\nMissouri River at Waverly affecting Carroll, Saline and Lafayette\nCounties.\n\nMissouri River at Napoleon affecting Jackson, Ray and Lafayette\nCounties.\n\nMissouri River at Glasgow affecting Chariton, Howard and Saline\nCounties.\n\n* WHAT...Minor flooding is occurring and minor flooding is forecast.\n\n* WHERE...Missouri River at Miami.\n\n* WHEN...Until Wednesday morning.\n\n* IMPACTS...At 18.0 feet, Low-lying rural areas outside of levees\nbegin to flood.\n\n* ADDITIONAL DETAILS...\n- At 11:00 AM CDT Saturday the stage was 23.0 feet.\n- Forecast...The river is expected to rise to a crest of 24.0 feet\nthis afternoon. It will then fall below flood stage late Tuesday\nmorning.\n- Flood stage is 18.0 feet.\n- http://www.weather.gov/safety/flood","instruction":"Turn around, don't drown when encountering flooded roads. Most flood\ndeaths occur in vehicles.\n\nMotorists should not attempt to drive around barricades or drive cars\nthrough flooded areas.\n\nThis product along with additional weather and stream information is\navailable at www.weather.gov/kc/.","area":"Carroll, MO; Chariton, MO; Saline, MO","url":"https://api.weather.gov/alerts/urn:oid:2.49.0.1.840.0.1dc133a6e9976b60d800c6ceb1a3fb48fd11f07b.002.1","sender":"NWS Kansas City/Pleasant Hill MO","started_at":"2026-10-04T10:17:00-05:00","ended_at":"2026-10-05T10:30:00-05:00","rep_point":[-93.22999999999999,39.35]}},{"type":"Feature","geometry":{"type":"Polygon","coordinates":[[[-93.86,39.28],[-93.84,39.17],[-94.05,39.11],[-94.15,39.16],[-94.33,39.16],[-94.31,39.26],[-94.16,39.26],[-94.04,39.21],[-93.86,39.28]]]},"properties":{"id":"nws:urn:oid:2.49.0.1.840.0.1dc133a6e9976b60d800c6ceb1a3fb48fd11f07b.004.1","source":"NOAA NWS","category":"flood","event_type":"Flood Warning","severity":"severe","title":"Flood Warning issued October 4 at 10:17AM CDT until October 6 at 3:34PM CDT by NWS Kansas City/Pleasant Hill MO","description":"...The Flood Warning is extended for the following rivers in\nMissouri...\n\nMissouri River at Boonville affecting Howard, Cooper, Boone and\nMoniteau Counties.\n\nMissouri River At Miami affecting Chariton, Carroll and Saline\nCounties.\n\n...The Flood Warning continues for the following rivers in\nMissouri...\n\nMissouri River at Waverly affecting Carroll, Saline and Lafayette\nCounties.\n\nMissouri River at Napoleon affecting Jackson, Ray and Lafayette\nCounties.\n\nMissouri River at Glasgow affecting Chariton, Howard and Saline\nCounties.\n\n* WHAT...Minor flooding is occurring and minor flooding is forecast.\n\n* WHERE...Missouri River at Napoleon.\n\n* WHEN...Until Tuesday afternoon.\n\n* IMPACTS...At 17.0 feet, Low-lying areas unprotected by levees begin\nto flood.\n\n* ADDITIONAL DETAILS...\n- At 10:00 AM CDT Sunday the stage was 20.8 feet.\n- Forecast...The river is expected to fall below flood stage\ntomorrow afternoon and continue falling to 8.9 feet Friday\nmorning.\n- Flood stage is 17.0 feet.\n- http://www.weather.gov/safety/flood","instruction":"Turn around, don't drown when encountering flooded roads. Most flood\ndeaths occur in vehicles.\n\nMotorists should not attempt to drive around barricades or drive cars\nthrough flooded areas.\n\nThis product along with additional weather and stream information is\navailable at www.weather.gov/kc/.","area":"Jackson, MO; Lafayette, MO; Ray, MO","url":"https://api.weather.gov/alerts/urn:oid:2.49.0.1.840.0.1dc133a6e9976b60d800c6ceb1a3fb48fd11f07b.004.1","sender":"NWS Kansas City/Pleasant Hill MO","started_at":"2026-10-04T10:17:00-05:00","ended_at":"2026-10-05T10:30:00-05:00","rep_point":[-94.06666666666666,39.21]}},{"type":"Feature","geometry":{"type":"Polygon","coordinates":[[[-93.86,39.25],[-93.31,39.33],[-93.27,39.28],[-93.3,39.22],[-93.84,39.18],[-93.86,39.25]]]},"properties":{"id":"nws:urn:oid:2.49.0.1.840.0.1dc133a6e9976b60d800c6ceb1a3fb48fd11f07b.003.1","source":"NOAA NWS","category":"flood","event_type":"Flood Warning","severity":"severe","title":"Flood Warning issued October 4 at 10:17AM CDT until October 6 at 11:17PM CDT by NWS Kansas City/Pleasant Hill MO","description":"...The Flood Warning is extended for the following rivers in\nMissouri...\n\nMissouri River at Boonville affecting Howard, Cooper, Boone and\nMoniteau Counties.\n\nMissouri River At Miami affecting Chariton, Carroll and Saline\nCounties.\n\n...The Flood Warning continues for the following rivers in\nMissouri...\n\nMissouri River at Waverly affecting Carroll, Saline and Lafayette\nCounties.\n\nMissouri River at Napoleon affecting Jackson, Ray and Lafayette\nCounties.\n\nMissouri River at Glasgow affecting Chariton, Howard and Saline\nCounties.\n\n* WHAT...Minor flooding is occurring and minor flooding is forecast.\n\n* WHERE...Missouri River at Waverly.\n\n* WHEN...Until Tuesday evening.\n\n* IMPACTS...At 23.5 feet, Rural areas along the river which are not\nprotected by levees flood.\n\n* ADDITIONAL DETAILS...\n- At 10:00 AM CDT Sunday the stage was 25.6 feet.\n- Forecast...The river is expected to fall below flood stage late\ntomorrow evening and continue falling to 12.6 feet Sunday,\nOctober 11.\n- Flood stage is 20.0 feet.\n- http://www.weather.gov/safety/flood","instruction":"Turn around, don't drown when encountering flooded roads. Most flood\ndeaths occur in vehicles.\n\nMotorists should not attempt to drive around barricades or drive cars\nthrough flooded areas.\n\nThis product along with additional weather and stream information is\navailable at www.weather.gov/kc/.","area":"Carroll, MO; Lafayette, MO; Saline, MO","url":"https://api.weather.gov/alerts/urn:oid:2.49.0.1.840.0.1dc133a6e9976b60d800c6ceb1a3fb48fd11f07b.003.1","sender":"NWS Kansas City/Pleasant Hill MO","started_at":"2026-10-04T10:17:00-05:00","ended_at":"2026-10-05T10:30:00-05:00","rep_point":[-93.57333333333334,39.251666666666665]}},{"type":"Feature","geometry":{"type":"Polygon","coordinates":[[[-93.14,39.35],[-93.05,39.39],[-92.79,39.24],[-92.87,39.06],[-92.96,39.07],[-93.14,39.35]]]},"properties":{"id":"nws:urn:oid:2.49.0.1.840.0.1dc133a6e9976b60d800c6ceb1a3fb48fd11f07b.005.1","source":"NOAA NWS","category":"flood","event_type":"Flood Warning","severity":"severe","title":"Flood Warning issued October 4 at 10:17AM CDT until October 7 at 4:49AM CDT by NWS Kansas City/Pleasant Hill MO","description":"...The Flood Warning is extended for the following rivers in\nMissouri...\n\nMissouri River at Boonville affecting Howard, Cooper, Boone and\nMoniteau Counties.\n\nMissouri River At Miami affecting Chariton, Carroll and Saline\nCounties.\n\n...The Flood Warning continues for the following rivers in\nMissouri...\n\nMissouri River at Waverly affecting Carroll, Saline and Lafayette\nCounties.\n\nMissouri River at Napoleon affecting Jackson, Ray and Lafayette\nCounties.\n\nMissouri River at Glasgow affecting Chariton, Howard and Saline\nCounties.\n\n* WHAT...Moderate flooding is occurring and moderate flooding is\nforecast.\n\n* WHERE...Missouri River at Glasgow.\n\n* WHEN...Until late Tuesday night.\n\n* IMPACTS...At 25.0 feet, Farmland along the river floods. At 27.0\nfeet, Many agricultural levees are overtopped. Widespread flooding\nof rural areas occurs. Secondary roads and homes behind levees may\nbe inundated.\n\n* ADDITIONAL DETAILS...\n- At 9:30 AM CDT Sunday the stage was 28.6 feet.\n- Forecast...The river is expected to rise to a crest of 29.4 feet\nthis evening. It will then fall below flood stage early Tuesday\nmorning.\n- Flood stage is 25.0 feet.\n- http://www.weather.gov/safety/flood","instruction":"Turn around, don't drown when encountering flooded roads. Most flood\ndeaths occur in vehicles.\n\nMotorists should not attempt to drive around barricades or drive cars\nthrough flooded areas.\n\nThis product along with additional weather and stream information is\navailable at www.weather.gov/kc/.","area":"Chariton, MO; Howard, MO; Saline, MO","url":"https://api.weather.gov/alerts/urn:oid:2.49.0.1.840.0.1dc133a6e9976b60d800c6ceb1a3fb48fd11f07b.005.1","sender":"NWS Kansas City/Pleasant Hill MO","started_at":"2026-10-04T10:17:00-05:00","ended_at":"2026-10-05T10:30:00-05:00","rep_point":[-92.99166666666667,39.24333333333333]}},{"type":"Feature","geometry":{"type":"Polygon","coordinates":[[[-93.43,39.67],[-93.43,39.78],[-93.27,39.7],[-93.21,39.53],[-93.3,39.51],[-93.43,39.67]]]},"properties":{"id":"nws:urn:oid:2.49.0.1.840.0.9f4af73bf0c08b9587d10511be1d9b165ed2d000.004.1","source":"NOAA NWS","category":"flood","event_type":"Flood Warning","severity":"severe","title":"Flood Warning issued October 4 at 9:47AM CDT until October 5 at 10:11PM CDT by NWS Kansas City/Pleasant Hill MO","description":"...The Flood Warning continues for the following rivers in\nMissouri...\n\nGrand River near Brunswick affecting Chariton and Carroll Counties.\n\nGrand River near Sumner affecting Chariton, Carroll, Linn and\nLivingston Counties.\n\nPlatte River At Sharps Station affecting Platte County.\n\nPlatte River near Platte City affecting Platte County.\n\n* WHAT...Moderate flooding is occurring and moderate flooding is\nforecast.\n\n* WHERE...Grand River near Sumner.\n\n* WHEN...Until Monday evening.\n\n* IMPACTS...At 23.0 feet, Bottomland 1 to 2 miles south of the gage\nbegins to flood. At 26.0 feet, Rural land adjacent to the river is\nflooded. At 28.0 feet, Rural roads are under water.\n\n* ADDITIONAL DETAILS...\n- At 8:45 AM CDT Sunday the stage was 30.4 feet.\n- Forecast...The river is expected to fall below flood stage late\nthis evening and continue falling to 10.2 feet Friday morning.\n- Flood stage is 26.0 feet.\n- http://www.weather.gov/safety/flood","instruction":"Turn around, don't drown when encountering flooded roads. Most flood\ndeaths occur in vehicles.\n\nMotorists should not attempt to drive around barricades or drive cars\nthrough flooded areas.\n\nThis product along with additional weather and stream information is\navailable at www.weather.gov/kc/.","area":"Carroll, MO; Chariton, MO; Linn, MO; Livingston, MO","url":"https://api.weather.gov/alerts/urn:oid:2.49.0.1.840.0.9f4af73bf0c08b9587d10511be1d9b165ed2d000.004.1","sender":"NWS Kansas City/Pleasant Hill MO","started_at":"2026-10-04T09:47:00-05:00","ended_at":"2026-10-05T10:00:00-05:00","rep_point":[-93.34499999999998,39.64333333333334]}},{"type":"Feature","geometry":{"type":"Polygon","coordinates":[[[-93.3,39.51],[-93.21,39.53],[-93.07,39.38],[-93.13,39.38],[-93.27,39.45],[-93.3,39.51]]]},"properties":{"id":"nws:urn:oid:2.49.0.1.840.0.9f4af73bf0c08b9587d10511be1d9b165ed2d000.001.1","source":"NOAA NWS","category":"flood","event_type":"Flood Warning","severity":"severe","title":"Flood Warning issued October 4 at 9:47AM CDT until October 6 at 10:45AM CDT by NWS Kansas City/Pleasant Hill MO","description":"...The Flood Warning continues for the following rivers in\nMissouri...\n\nGrand River near Brunswick affecting Chariton and Carroll Counties.\n\nGrand River near Sumner affecting Chariton, Carroll, Linn and\nLivingston Counties.\n\nPlatte River At Sharps Station affecting Platte County.\n\nPlatte River near Platte City affecting Platte County.\n\n* WHAT...Minor flooding is occurring and minor flooding is forecast.\n\n* WHERE...Grand River near Brunswick.\n\n* WHEN...Until Tuesday morning.\n\n* IMPACTS...At 19.0 feet, Flooding of low-lying areas occurs along\nthe west bank of the Grand River near the U.S. Highway 24 bridge\nabout 1 mile west of Brunswick. At 22.0 feet, Low-lying areas along\nthe east bank of the Grand River near the U.S. Highway 24 bridge\nbegin to flood.\n\n* ADDITIONAL DETAILS...\n- At 8:56 AM CDT Sunday the stage was 22.7 feet.\n- Forecast...The river is expected to fall below flood stage late\ntomorrow morning and continue falling to 6.3 feet Friday morning.\n- Flood stage is 19.0 feet.\n- http://www.weather.gov/safety/flood","instruction":"Turn around, don't drown when encountering flooded roads. Most flood\ndeaths occur in vehicles.\n\nMotorists should not attempt to drive around barricades or drive cars\nthrough flooded areas.\n\nThis product along with additional weather and stream information is\navailable at www.weather.gov/kc/.","area":"Carroll, MO; Chariton, MO","url":"https://api.weather.gov/alerts/urn:oid:2.49.0.1.840.0.9f4af73bf0c08b9587d10511be1d9b165ed2d000.001.1","sender":"NWS Kansas City/Pleasant Hill MO","started_at":"2026-10-04T09:47:00-05:00","ended_at":"2026-10-05T10:00:00-05:00","rep_point":[-93.21333333333332,39.46]}},{"type":"Feature","geometry":{"type":"Polygon","coordinates":[[[-94.79,39.39],[-94.76,39.35],[-94.81,39.27],[-94.84,39.29],[-94.83,39.33],[-94.79,39.39]]]},"properties":{"id":"nws:urn:oid:2.49.0.1.840.0.9f4af73bf0c08b9587d10511be1d9b165ed2d000.003.1","source":"NOAA NWS","category":"flood","event_type":"Flood Warning","severity":"severe","title":"Flood Warning issued October 4 at 9:47AM CDT until October 7 at 12:04AM CDT by NWS Kansas City/Pleasant Hill MO","description":"...The Flood Warning continues for the following rivers in\nMissouri...\n\nGrand River near Brunswick affecting Chariton and Carroll Counties.\n\nGrand River near Sumner affecting Chariton, Carroll, Linn and\nLivingston Counties.\n\nPlatte River At Sharps Station affecting Platte County.\n\nPlatte River near Platte City affecting Platte County.\n\n* WHAT...Minor flooding is occurring and minor flooding is forecast.\n\n* WHERE...Platte River near Platte City.\n\n* WHEN...Until late Tuesday night.\n\n* IMPACTS...At 20.0 feet, Cropland near State Highway 92 near Platte\nCity begins to flood. At 22.0 feet, Flooding occurs at Humphreys\nAccess Area which is located 5 miles downstream from Platte City.\n300 acres of pasture are also flooded.\n\n* ADDITIONAL DETAILS...\n- At 8:30 AM CDT Sunday the stage was 22.4 feet.\n- Forecast...The river is expected to fall below flood stage early\nTuesday morning and continue falling to 2.6 feet Friday morning.\n- Flood stage is 20.0 feet.\n- http://www.weather.gov/safety/flood","instruction":"Turn around, don't drown when encountering flooded roads. Most flood\ndeaths occur in vehicles.\n\nMotorists should not attempt to drive around barricades or drive cars\nthrough flooded areas.\n\nThis product along with additional weather and stream information is\navailable at www.weather.gov/kc/.","area":"Platte, MO","url":"https://api.weather.gov/alerts/urn:oid:2.49.0.1.840.0.9f4af73bf0c08b9587d10511be1d9b165ed2d000.003.1","sender":"NWS Kansas City/Pleasant Hill MO","started_at":"2026-10-04T09:47:00-05:00","ended_at":"2026-10-05T10:00:00-05:00","rep_point":[-94.80333333333334,39.336666666666666]}},{"type":"Feature","geometry":{"type":"Polygon","coordinates":[[[-91.56,42.23],[-91.52,42.21],[-91.51,42.19],[-91.47,42.19],[-91.34,42.12],[-91.3,42.11],[-91.06,42],[-91.01,42.01],[-90.94,41.98],[-90.9,41.95],[-90.9,41.91],[-90.94,41.91],[-90.94,41.94],[-90.97,41.96],[-91.03,41.99],[-91.15,42.01],[-91.24,42.05],[-91.26,42.08],[-91.51,42.17],[-91.56,42.23]]]},"properties":{"id":"nws:urn:oid:2.49.0.1.840.0.3ef9c0cb1b4717c5df43e17f361a7c73c06914d0.001.1","source":"NOAA NWS","category":"flood","event_type":"Flood Watch","severity":"severe","title":"Flood Watch issued October 4 at 9:41AM CDT until October 5 at 1:00PM CDT by NWS Quad Cities IA IL","description":"...The National Weather Service in Quad Cities has issued a Flood\nWatch for the following rivers in Iowa...\n\nWapsipinicon River near Anamosa Shaw Rd affecting Jones, Linn and\nCedar Counties.\n\n* WHAT...Flooding is possible.\n\n* WHERE...Wapsipinicon River near Anamosa Shaw Rd.\n\n* WHEN...From late tonight to Monday afternoon.\n\n* IMPACTS...At 14.7 feet, water affects the Camelot Campground.\n\n* ADDITIONAL DETAILS...\n- At 9:15 AM CDT Sunday the stage was 13.0 feet.\n- Forecast...Flood stage may be reached late tonight or early\nMonday morning.\n- Flood stage is 14.5 feet.","instruction":"If you are in the watch area, remain alert to possible flooding.\n\nResidents and those with interests near the river should monitor\nrising water levels and be prepared for possible Flood Warnings.\n\nThe next statement will be issued by Monday morning.","area":"Linn; Jones; Cedar","url":"https://api.weather.gov/alerts/urn:oid:2.49.0.1.840.0.3ef9c0cb1b4717c5df43e17f361a7c73c06914d0.001.1","sender":"NWS Quad Cities IA IL","started_at":"2026-10-04T09:41:00-05:00","ended_at":"2026-10-05T09:45:00-05:00","rep_point":[-91.2055,42.062]}},{"type":"Feature","geometry":{"type":"Polygon","coordinates":[[[-91.62,40.93],[-91.6,40.93],[-91.58,40.91],[-91.56,40.91],[-91.51,40.85],[-91.48,40.87],[-91.42,40.83],[-91.28,40.76],[-91.21,40.74],[-91.11,40.74],[-91.12,40.72],[-91.11,40.7],[-91.12,40.67],[-91.23,40.71],[-91.32,40.77],[-91.47,40.85],[-91.5,40.84],[-91.53,40.85],[-91.55,40.88],[-91.58,40.9],[-91.62,40.93]]]},"properties":{"id":"nws:urn:oid:2.49.0.1.840.0.d9ba267fe2494416fb095d124890b9c7027fd91c.007.1","source":"NOAA NWS","category":"flood","event_type":"Flood Warning","severity":"severe","title":"Flood Warning issued October 4 at 9:38AM CDT until October 4 at 10:12PM CDT by NWS Quad Cities IA IL","description":"...The Flood Warning is extended for the following rivers in Iowa...\n\nWapsipinicon River near De Witt 4S affecting Clinton and Scott\nCounties.\n\nCedar River near Conesville affecting Muscatine and Louisa\nCounties.\n\nIowa River at Marengo affecting Benton and Iowa Counties.\n\nNorth Skunk River near Sigourney affecting Keokuk County.\n\n...The Flood Warning continues for the following rivers in Iowa...\n\nIowa River at Oakville affecting Louisa County.\n\nIowa River at Wapello affecting Louisa County.\n\nSkunk River at Augusta affecting Des Moines, Lee and Henry IA\nCounties.\n\n* WHAT...Minor flooding is occurring.\n\n* WHERE...Skunk River at Augusta.\n\n* WHEN...Until this evening.\n\n* IMPACTS...At 15.0 feet, water overflows the south river bank near\nthe Perkins Road bridge at Augusta.\n\n* ADDITIONAL DETAILS...\n- At 8:45 AM CDT Sunday the stage was 15.5 feet.\n- Forecast...The river is expected to fall below flood stage this\nafternoon and continue falling to 10.4 feet Sunday, October 11.\n- Flood stage is 15.0 feet.","instruction":"Turn around, don't drown when encountering flooded roads. Most flood\ndeaths occur in vehicles.\n\nMotorists should not attempt to drive around barricades or drive cars\nthrough flooded areas.\n\nCaution is urged when walking near riverbanks.\n\nThe next statement will be issued by this evening.","area":"Des Moines, IA; Henry, IA; Lee, IA","url":"https://api.weather.gov/alerts/urn:oid:2.49.0.1.840.0.d9ba267fe2494416fb095d124890b9c7027fd91c.007.1","sender":"NWS Quad Cities IA IL","started_at":"2026-10-04T09:38:00-05:00","ended_at":"2026-10-04T22:15:00-05:00","rep_point":[-91.40571428571427,40.82333333333334]}},{"type":"Feature","geometry":{"type":"Polygon","coordinates":[[[-92.06,41.26],[-92.13,41.28],[-92.17,41.29],[-92.2,41.3],[-92.25,41.27],[-92.4,41.31],[-92.4,41.33],[-92.33,41.32],[-92.26,41.3],[-92.23,41.31],[-92.17,41.31],[-92.14,41.32],[-92.12,41.32],[-92.1,41.3],[-92.08,41.3],[-92.01,41.26],[-92.04,41.25],[-92.06,41.26]]]},"properties":{"id":"nws:urn:oid:2.49.0.1.840.0.d9ba267fe2494416fb095d124890b9c7027fd91c.005.1","source":"NOAA NWS","category":"flood","event_type":"Flood Warning","severity":"severe","title":"Flood Warning issued October 4 at 9:38AM CDT until October 5 at 11:34PM CDT by NWS Quad Cities IA IL","description":"...The Flood Warning is extended for the following rivers in Iowa...\n\nWapsipinicon River near De Witt 4S affecting Clinton and Scott\nCounties.\n\nCedar River near Conesville affecting Muscatine and Louisa\nCounties.\n\nIowa River at Marengo affecting Benton and Iowa Counties.\n\nNorth Skunk River near Sigourney affecting Keokuk County.\n\n...The Flood Warning continues for the following rivers in Iowa...\n\nIowa River at Oakville affecting Louisa County.\n\nIowa River at Wapello affecting Louisa County.\n\nSkunk River at Augusta affecting Des Moines, Lee and Henry IA\nCounties.\n\n* WHAT...Moderate flooding is occurring.\n\n* WHERE...North Skunk River near Sigourney.\n\n* WHEN...Until Monday evening.\n\n* IMPACTS...At 18.0 feet, water affects most agricultural land near\nSigourney.\n\n* ADDITIONAL DETAILS...\n- At 8:30 AM CDT Sunday the stage was 18.4 feet.\n- Forecast...The river is expected to fall below flood stage\ntomorrow afternoon and continue falling to 7.5 feet Sunday,\nOctober 11.\n- Flood stage is 16.0 feet.","instruction":"Turn around, don't drown when encountering flooded roads. Most flood\ndeaths occur in vehicles.\n\nMotorists should not attempt to drive around barricades or drive cars\nthrough flooded areas.\n\nCaution is urged when walking near riverbanks.\n\nThe next statement will be issued by this evening.","area":"Keokuk, IA","url":"https://api.weather.gov/alerts/urn:oid:2.49.0.1.840.0.d9ba267fe2494416fb095d124890b9c7027fd91c.005.1","sender":"NWS Quad Cities IA IL","started_at":"2026-10-04T09:38:00-05:00","ended_at":"2026-10-05T09:45:00-05:00","rep_point":[-92.175,41.29388888888889]}},{"type":"Feature","geometry":{"type":"Polygon","coordinates":[[[-91.16,41.12],[-91.13,41.16],[-91.11,41.15],[-91.08,41.13],[-91.07,41.15],[-91.05,41.17],[-91.03,41.16],[-91.01,41.17],[-90.99,41.16],[-90.98,41.14],[-91.02,41.13],[-91.03,41.09],[-91.07,41.08],[-91.12,41.09],[-91.16,41.12]]]},"properties":{"id":"nws:urn:oid:2.49.0.1.840.0.d9ba267fe2494416fb095d124890b9c7027fd91c.001.1","source":"NOAA NWS","category":"flood","event_type":"Flood Warning","severity":"severe","title":"Flood Warning issued October 4 at 9:38AM CDT until October 7 at 9:00PM CDT by NWS Quad Cities IA IL","description":"...The Flood Warning is extended for the following rivers in Iowa...\n\nWapsipinicon River near De Witt 4S affecting Clinton and Scott\nCounties.\n\nCedar River near Conesville affecting Muscatine and Louisa\nCounties.\n\nIowa River at Marengo affecting Benton and Iowa Counties.\n\nNorth Skunk River near Sigourney affecting Keokuk County.\n\n...The Flood Warning continues for the following rivers in Iowa...\n\nIowa River at Oakville affecting Louisa County.\n\nIowa River at Wapello affecting Louisa County.\n\nSkunk River at Augusta affecting Des Moines, Lee and Henry IA\nCounties.\n\n* WHAT...Minor flooding is occurring.\n\n* WHERE...Iowa River at Oakville.\n\n* WHEN...Until Wednesday evening.\n\n* IMPACTS...At 12.0 feet, flooding of agricultural land is ongoing.\nSeveral county roads are under water and closed.\n\n* ADDITIONAL DETAILS...\n- At 9:00 AM CDT Sunday the stage was 12.2 feet.\n- Forecast...The river is expected to fall below flood stage early\nWednesday afternoon and continue falling to 8.1 feet Sunday,\nOctober 11.\n- Flood stage is 11.0 feet.","instruction":"Turn around, don't drown when encountering flooded roads. Most flood\ndeaths occur in vehicles.\n\nMotorists should not attempt to drive around barricades or drive cars\nthrough flooded areas.\n\nCaution is urged when walking near riverbanks.\n\nThe next statement will be issued by this evening.","area":"Louisa, IA","url":"https://api.weather.gov/alerts/urn:oid:2.49.0.1.840.0.d9ba267fe2494416fb095d124890b9c7027fd91c.001.1","sender":"NWS Quad Cities IA IL","started_at":"2026-10-04T09:38:00-05:00","ended_at":"2026-10-05T09:45:00-05:00","rep_point":[-91.06733333333334,41.134666666666675]}},{"type":"Feature","geometry":{"type":"Polygon","coordinates":[[[-91.14,41.6],[-91.1,41.6],[-91.08,41.57],[-91.1,41.51],[-91.13,41.5],[-91.2,41.46],[-91.25,41.41],[-91.31,41.34],[-91.33,41.29],[-91.34,41.29],[-91.35,41.32],[-91.37,41.33],[-91.36,41.37],[-91.36,41.44],[-91.31,41.48],[-91.2,41.53],[-91.17,41.53],[-91.14,41.57],[-91.11,41.57],[-91.11,41.58],[-91.14,41.6]]]},"properties":{"id":"nws:urn:oid:2.49.0.1.840.0.d9ba267fe2494416fb095d124890b9c7027fd91c.003.1","source":"NOAA NWS","category":"flood","event_type":"Flood Warning","severity":"severe","title":"Flood Warning issued October 4 at 9:38AM CDT until October 8 at 6:00AM CDT by NWS Quad Cities IA IL","description":"...The Flood Warning is extended for the following rivers in Iowa...\n\nWapsipinicon River near De Witt 4S affecting Clinton and Scott\nCounties.\n\nCedar River near Conesville affecting Muscatine and Louisa\nCounties.\n\nIowa River at Marengo affecting Benton and Iowa Counties.\n\nNorth Skunk River near Sigourney affecting Keokuk County.\n\n...The Flood Warning continues for the following rivers in Iowa...\n\nIowa River at Oakville affecting Louisa County.\n\nIowa River at Wapello affecting Louisa County.\n\nSkunk River at Augusta affecting Des Moines, Lee and Henry IA\nCounties.\n\n* WHAT...Minor flooding is occurring.\n\n* WHERE...Cedar River near Conesville.\n\n* WHEN...Until Thursday morning.\n\n* IMPACTS...At 13.5 feet, water affects yards and access roads of\nresidences along Iowa Highway 22. Water affects the lowest sections\nof campgrounds just north of I-80 along the river and the lowest\nsections of Jack Shuger Memorial Park in Moscow. Water is also on\n152nd Street north of County Road F70.\n\n* ADDITIONAL DETAILS...\n- At 9:00 AM CDT Sunday the stage was 13.2 feet.\n- Forecast...The river is expected to rise to a crest of 13.8 feet\ntomorrow evening. It will then fall below flood stage late\nWednesday evening.\n- Flood stage is 13.0 feet.","instruction":"Turn around, don't drown when encountering flooded roads. Most flood\ndeaths occur in vehicles.\n\nMotorists should not attempt to drive around barricades or drive cars\nthrough flooded areas.\n\nCaution is urged when walking near riverbanks.\n\nThe next statement will be issued by this evening.","area":"Louisa, IA; Muscatine, IA","url":"https://api.weather.gov/alerts/urn:oid:2.49.0.1.840.0.d9ba267fe2494416fb095d124890b9c7027fd91c.003.1","sender":"NWS Quad Cities IA IL","started_at":"2026-10-04T09:38:00-05:00","ended_at":"2026-10-05T09:45:00-05:00","rep_point":[-91.21904761904761,41.47095238095238]}},{"type":"Feature","geometry":{"type":"Polygon","coordinates":[[[-91.29,41.23],[-91.26,41.26],[-91.21,41.24],[-91.14,41.19],[-91.13,41.16],[-91.16,41.12],[-91.19,41.16],[-91.25,41.21],[-91.29,41.23]]]},"properties":{"id":"nws:urn:oid:2.49.0.1.840.0.d9ba267fe2494416fb095d124890b9c7027fd91c.002.1","source":"NOAA NWS","category":"flood","event_type":"Flood Warning","severity":"severe","title":"Flood Warning issued October 4 at 9:38AM CDT until October 8 at 9:00AM CDT by NWS Quad Cities IA IL","description":"...The Flood Warning is extended for the following rivers in Iowa...\n\nWapsipinicon River near De Witt 4S affecting Clinton and Scott\nCounties.\n\nCedar River near Conesville affecting Muscatine and Louisa\nCounties.\n\nIowa River at Marengo affecting Benton and Iowa Counties.\n\nNorth Skunk River near Sigourney affecting Keokuk County.\n\n...The Flood Warning continues for the following rivers in Iowa...\n\nIowa River at Oakville affecting Louisa County.\n\nIowa River at Wapello affecting Louisa County.\n\nSkunk River at Augusta affecting Des Moines, Lee and Henry IA\nCounties.\n\n* WHAT...Minor flooding is occurring.\n\n* WHERE...Iowa River at Wapello.\n\n* WHEN...Until Thursday morning.\n\n* IMPACTS...At 22.0 feet, water affects residences near the U.S.\nHighway 61 bridge.\n\n* ADDITIONAL DETAILS...\n- At 9:00 AM CDT Sunday the stage was 22.5 feet.\n- Forecast...The river is expected to fall below flood stage early\nThursday morning and continue falling to 18.2 feet Sunday,\nOctober 11.\n- Flood stage is 21.0 feet.","instruction":"Turn around, don't drown when encountering flooded roads. Most flood\ndeaths occur in vehicles.\n\nMotorists should not attempt to drive around barricades or drive cars\nthrough flooded areas.\n\nCaution is urged when walking near riverbanks.\n\nThe next statement will be issued by this evening.","area":"Louisa, IA","url":"https://api.weather.gov/alerts/urn:oid:2.49.0.1.840.0.d9ba267fe2494416fb095d124890b9c7027fd91c.002.1","sender":"NWS Quad Cities IA IL","started_at":"2026-10-04T09:38:00-05:00","ended_at":"2026-10-05T09:45:00-05:00","rep_point":[-91.21333333333331,41.2]}},{"type":"Feature","geometry":{"type":"Polygon","coordinates":[[[-92.3,41.89],[-92.24,41.87],[-92.2,41.85],[-92.02,41.81],[-91.9,41.79],[-91.85,41.81],[-91.83,41.81],[-91.83,41.77],[-91.98,41.77],[-92.12,41.81],[-92.13,41.82],[-92.28,41.84],[-92.3,41.85],[-92.3,41.89]]]},"properties":{"id":"nws:urn:oid:2.49.0.1.840.0.d9ba267fe2494416fb095d124890b9c7027fd91c.004.1","source":"NOAA NWS","category":"flood","event_type":"Flood Warning","severity":"severe","title":"Flood Warning issued October 4 at 9:38AM CDT until October 10 at 12:00AM CDT by NWS Quad Cities IA IL","description":"...The Flood Warning is extended for the following rivers in Iowa...\n\nWapsipinicon River near De Witt 4S affecting Clinton and Scott\nCounties.\n\nCedar River near Conesville affecting Muscatine and Louisa\nCounties.\n\nIowa River at Marengo affecting Benton and Iowa Counties.\n\nNorth Skunk River near Sigourney affecting Keokuk County.\n\n...The Flood Warning continues for the following rivers in Iowa...\n\nIowa River at Oakville affecting Louisa County.\n\nIowa River at Wapello affecting Louisa County.\n\nSkunk River at Augusta affecting Des Moines, Lee and Henry IA\nCounties.\n\n* WHAT...Minor flooding is occurring.\n\n* WHERE...Iowa River at Marengo.\n\n* WHEN...Until late Friday night.\n\n* IMPACTS...At 16.0 feet, water affects agricultural land along the\nriver. Water is several feet deep in places.\n\n* ADDITIONAL DETAILS...\n- At 9:00 AM CDT Sunday the stage was 15.5 feet.\n- Forecast...The river is expected to rise to a crest of 16.9 feet\nThursday morning. It will then fall below flood stage Friday\nafternoon.\n- Flood stage is 15.0 feet.","instruction":"Turn around, don't drown when encountering flooded roads. Most flood\ndeaths occur in vehicles.\n\nMotorists should not attempt to drive around barricades or drive cars\nthrough flooded areas.\n\nCaution is urged when walking near riverbanks.\n\nThe next statement will be issued by this evening.","area":"Benton, IA; Iowa, IA","url":"https://api.weather.gov/alerts/urn:oid:2.49.0.1.840.0.d9ba267fe2494416fb095d124890b9c7027fd91c.004.1","sender":"NWS Quad Cities IA IL","started_at":"2026-10-04T09:38:00-05:00","ended_at":"2026-10-05T09:45:00-05:00","rep_point":[-92.09142857142857,41.82714285714285]}},{"type":"Feature","geometry":{"type":"Polygon","coordinates":[[[-90.9,42],[-90.71,41.84],[-90.33,41.77],[-90.35,41.69],[-90.8,41.71],[-90.9,41.85],[-90.9,42]]]},"properties":{"id":"nws:urn:oid:2.49.0.1.840.0.d9ba267fe2494416fb095d124890b9c7027fd91c.006.1","source":"NOAA NWS","category":"flood","event_type":"Flood Warning","severity":"severe","title":"Flood Warning issued October 4 at 9:38AM CDT until October 10 at 10:30PM CDT by NWS Quad Cities IA IL","description":"...The Flood Warning is extended for the following rivers in Iowa...\n\nWapsipinicon River near De Witt 4S affecting Clinton and Scott\nCounties.\n\nCedar River near Conesville affecting Muscatine and Louisa\nCounties.\n\nIowa River at Marengo affecting Benton and Iowa Counties.\n\nNorth Skunk River near Sigourney affecting Keokuk County.\n\n...The Flood Warning continues for the following rivers in Iowa...\n\nIowa River at Oakville affecting Louisa County.\n\nIowa River at Wapello affecting Louisa County.\n\nSkunk River at Augusta affecting Des Moines, Lee and Henry IA\nCounties.\n\n* WHAT...Major flooding is occurring but is expected to fall to\nmoderate flooding before going back to major flooding Wednesday\nevening.\n\n* WHERE...Wapsipinicon River near De Witt 4S.\n\n* WHEN...Until Saturday evening.\n\n* IMPACTS...At 12.5 feet, water affects old U.S. Highway 61 near the\nriver.\n\n* ADDITIONAL DETAILS...\n- At 8:30 AM CDT Sunday the stage was 12.5 feet.\n- Forecast...The river is expected to rise to a crest of 12.7 feet\nThursday morning. It will then fall below flood stage early\nSaturday afternoon.\n- Flood stage is 11.0 feet.","instruction":"Turn around, don't drown when encountering flooded roads. Most flood\ndeaths occur in vehicles.\n\nMotorists should not attempt to drive around barricades or drive cars\nthrough flooded areas.\n\nCaution is urged when walking near riverbanks.\n\nThe next statement will be issued by this evening.","area":"Clinton, IA; Scott, IA","url":"https://api.weather.gov/alerts/urn:oid:2.49.0.1.840.0.d9ba267fe2494416fb095d124890b9c7027fd91c.006.1","sender":"NWS Quad Cities IA IL","started_at":"2026-10-04T09:38:00-05:00","ended_at":"2026-10-05T09:45:00-05:00","rep_point":[-90.69857142857143,41.83714285714286]}},{"type":"Feature","geometry":{"type":"Point","coordinates":[-122.814163208008,38.8294982910156]},"properties":{"id":"usgs:nc75444646","source":"USGS","category":"earthquake","event_type":"Earthquake","severity":"unknown","title":"M 0.7 - 8 km NW of The Geysers, CA","description":"8 km NW of The Geysers, CA","instruction":"","area":"8 km NW of The Geysers, CA","url":"https://earthquake.usgs.gov/earthquakes/eventpage/nc75444646","sender":"USGS","started_at":"2026-10-05T00:44:35.340000+00:00","ended_at":null,"magnitude":0.73,"depth_km":1.80999994277954,"rep_point":[-122.814163208008,38.8294982910156]}},{"type":"Feature","geometry":{"type":"Point","coordinates":[-155.359,58.167]},"properties":{"id":"usgs:aka2026trrnlc","source":"USGS","category":"earthquake","event_type":"Earthquake","severity":"unknown","title":"M 1.2 - 85 km NW of Karluk, Alaska","description":"85 km NW of Karluk, Alaska","instruction":"","area":"85 km NW of Karluk, Alaska","url":"https://earthquake.usgs.gov/earthquakes/eventpage/aka2026trrnlc","sender":"USGS","started_at":"2026-10-05T00:43:49.966000+00:00","ended_at":null,"magnitude":1.2,"depth_km":5,"rep_point":[-155.359,58.167]}},{"type":"Feature","geometry":{"type":"Point","coordinates":[-122.738502502441,38.7980003356934]},"properties":{"id":"usgs:nc75444626","source":"USGS","category":"earthquake","event_type":"Earthquake","severity":"unknown","title":"M 1.0 - 3 km NE of The Geysers, CA","description":"3 km NE of The Geysers, CA","instruction":"","area":"3 km NE of The Geysers, CA","url":"https://earthquake.usgs.gov/earthquakes/eventpage/nc75444626","sender":"USGS","started_at":"2026-10-05T00:20:54.370000+00:00","ended_at":null,"magnitude":0.96,"depth_km":2.02999997138977,"rep_point":[-122.738502502441,38.7980003356934]}},{"type":"Feature","geometry":{"type":"Point","coordinates":[-146.715,61.541]},"properties":{"id":"usgs:aka2026trprwb","source":"USGS","category":"earthquake","event_type":"Earthquake","severity":"unknown","title":"M 1.8 - 49 km NNW of Valdez, Alaska","description":"49 km NNW of Valdez, Alaska","instruction":"","area":"49 km NNW of Valdez, Alaska","url":"https://earthquake.usgs.gov/earthquakes/eventpage/aka2026trprwb","sender":"USGS","started_at":"2026-10-04T23:49:00.668000+00:00","ended_at":null,"magnitude":1.8,"depth_km":19.6,"rep_point":[-146.715,61.541]}},{"type":"Feature","geometry":{"type":"Point","coordinates":[-151.159,61.436]},"properties":{"id":"usgs:aka2026troqls","source":"USGS","category":"earthquake","event_type":"Earthquake","severity":"unknown","title":"M 2.1 - 33 km N of Beluga, Alaska","description":"33 km N of Beluga, Alaska","instruction":"","area":"33 km N of Beluga, Alaska","url":"https://earthquake.usgs.gov/earthquakes/eventpage/aka2026troqls","sender":"USGS","started_at":"2026-10-04T23:17:23.106000+00:00","ended_at":null,"magnitude":2.1,"depth_km":5,"rep_point":[-151.159,61.436]}},{"type":"Feature","geometry":{"type":"Point","coordinates":[-122.426330566406,40.5538330078125]},"properties":{"id":"usgs:nc75444556","source":"USGS","category":"earthquake","event_type":"Earthquake","severity":"unknown","title":"M 2.3 - 5 km WSW of Redding, CA","description":"5 km WSW of Redding, CA","instruction":"","area":"5 km WSW of Redding, CA","url":"https://earthquake.usgs.gov/earthquakes/eventpage/nc75444556","sender":"USGS","started_at":"2026-10-04T23:06:04.710000+00:00","ended_at":null,"magnitude":2.28,"depth_km":14.3100004196167,"rep_point":[-122.426330566406,40.5538330078125]}},{"type":"Feature","geometry":{"type":"Point","coordinates":[-117.680666666667,35.039]},"properties":{"id":"usgs:ci41343255","source":"USGS","category":"earthquake","event_type":"Earthquake","severity":"unknown","title":"M 1.3 - 5 km NNW of Boron, CA","description":"5 km NNW of Boron, CA","instruction":"","area":"5 km NNW of Boron, CA","url":"https://earthquake.usgs.gov/earthquakes/eventpage/ci41343255","sender":"USGS","started_at":"2026-10-04T23:05:28.060000+00:00","ended_at":null,"magnitude":1.29,"depth_km":-0.74,"rep_point":[-117.680666666667,35.039]}},{"type":"Feature","geometry":{"type":"Point","coordinates":[-147.383,64.96]},"properties":{"id":"usgs:aka2026trofvo","source":"USGS","category":"earthquake","event_type":"Earthquake","severity":"unknown","title":"M 1.3 - 11 km E of Fox, Alaska","description":"11 km E of Fox, Alaska","instruction":"","area":"11 km E of Fox, Alaska","url":"https://earthquake.usgs.gov/earthquakes/eventpage/aka2026trofvo","sender":"USGS","started_at":"2026-10-04T23:05:07.635000+00:00","ended_at":null,"magnitude":1.3,"depth_km":5,"rep_point":[-147.383,64.96]}},{"type":"Feature","geometry":{"type":"Point","coordinates":[-154.864,58.203]},"properties":{"id":"usgs:aka2026troflj","source":"USGS","category":"earthquake","event_type":"Earthquake","severity":"unknown","title":"M 0.6 - 74 km NNW of Karluk, Alaska","description":"74 km NNW of Karluk, Alaska","instruction":"","area":"74 km NNW of Karluk, Alaska","url":"https://earthquake.usgs.gov/earthquakes/eventpage/aka2026troflj","sender":"USGS","started_at":"2026-10-04T23:04:39.560000+00:00","ended_at":null,"magnitude":0.6,"depth_km":5,"rep_point":[-154.864,58.203]}},{"type":"Feature","geometry":{"type":"Point","coordinates":[-148.332,64.455]},"properties":{"id":"usgs:aka2026trnwoh","source":"USGS","category":"earthquake","event_type":"Earthquake","severity":"unknown","title":"M 1.8 - 38 km ESE of Nenana, Alaska","description":"38 km ESE of Nenana, Alaska","instruction":"","area":"38 km ESE of Nenana, Alaska","url":"https://earthquake.usgs.gov/earthquakes/eventpage/aka2026trnwoh","sender":"USGS","started_at":"2026-10-04T22:54:24.450000+00:00","ended_at":null,"magnitude":1.8,"depth_km":2.6,"rep_point":[-148.332,64.455]}},{"type":"Feature","geometry":{"type":"Point","coordinates":[-118.841,34.5456666666667]},"properties":{"id":"usgs:ci41343239","source":"USGS","category":"earthquake","event_type":"Earthquake","severity":"unknown","title":"M 1.0 - 15 km NNW of Piru, CA","description":"15 km NNW of Piru, CA","instruction":"","area":"15 km NNW of Piru, CA","url":"https://earthquake.usgs.gov/earthquakes/eventpage/ci41343239","sender":"USGS","started_at":"2026-10-04T22:51:19.400000+00:00","ended_at":null,"magnitude":0.96,"depth_km":0.21,"rep_point":[-118.841,34.5456666666667]}},{"type":"Feature","geometry":{"type":"Point","coordinates":[-117.655333333333,36.0846666666667]},"properties":{"id":"usgs:ci41343231","source":"USGS","category":"earthquake","event_type":"Earthquake","severity":"unknown","title":"M 0.7 - 27 km E of Coso Junction, CA","description":"27 km E of Coso Junction, CA","instruction":"","area":"27 km E of Coso Junction, CA","url":"https://earthquake.usgs.gov/earthquakes/eventpage/ci41343231","sender":"USGS","started_at":"2026-10-04T22:42:22.740000+00:00","ended_at":null,"magnitude":0.66,"depth_km":1.34,"rep_point":[-117.655333333333,36.0846666666667]}},{"type":"Feature","geometry":{"type":"Point","coordinates":[-118.866500854492,37.5789985656738]},"properties":{"id":"usgs:nc75444521","source":"USGS","category":"earthquake","event_type":"Earthquake","severity":"unknown","title":"M 1.3 - 12 km ESE of Mammoth Lakes, CA","description":"12 km ESE of Mammoth Lakes, CA","instruction":"","area":"12 km ESE of Mammoth Lakes, CA","url":"https://earthquake.usgs.gov/earthquakes/eventpage/nc75444521","sender":"USGS","started_at":"2026-10-04T22:39:57.190000+00:00","ended_at":null,"magnitude":1.27,"depth_km":5.09999990463257,"rep_point":[-118.866500854492,37.5789985656738]}},{"type":"Feature","geometry":{"type":"Point","coordinates":[-122.794502258301,38.8084983825684]},"properties":{"id":"usgs:nc75444511","source":"USGS","category":"earthquake","event_type":"Earthquake","severity":"unknown","title":"M 1.0 - 5 km NW of The Geysers, CA","description":"5 km NW of The Geysers, CA","instruction":"","area":"5 km NW of The Geysers, CA","url":"https://earthquake.usgs.gov/earthquakes/eventpage/nc75444511","sender":"USGS","started_at":"2026-10-04T22:36:53.830000+00:00","ended_at":null,"magnitude":0.97,"depth_km":3.25,"rep_point":[-122.794502258301,38.8084983825684]}},{"type":"Feature","geometry":{"type":"Point","coordinates":[-122.791168212891,38.8370018005371]},"properties":{"id":"usgs:nc75444501","source":"USGS","category":"earthquake","event_type":"Earthquake","severity":"unknown","title":"M 1.0 - 6 km WNW of Cobb, CA","description":"6 km WNW of Cobb, CA","instruction":"","area":"6 km WNW of Cobb, CA","url":"https://earthquake.usgs.gov/earthquakes/eventpage/nc75444501","sender":"USGS","started_at":"2026-10-04T22:29:43.940000+00:00","ended_at":null,"magnitude":1.02,"depth_km":1.80999994277954,"rep_point":[-122.791168212891,38.8370018005371]}},{"type":"Feature","geometry":{"type":"Point","coordinates":[-149.126,63.097]},"properties":{"id":"usgs:aka2026trmriq","source":"USGS","category":"earthquake","event_type":"Earthquake","severity":"unknown","title":"M 2.1 - 34 km SSW of Cantwell, Alaska","description":"34 km SSW of Cantwell, Alaska","instruction":"","area":"34 km SSW of Cantwell, Alaska","url":"https://earthquake.usgs.gov/earthquakes/eventpage/aka2026trmriq","sender":"USGS","started_at":"2026-10-04T22:18:24.778000+00:00","ended_at":null,"magnitude":2.1,"depth_km":74,"rep_point":[-149.126,63.097]}},{"type":"Feature","geometry":{"type":"Point","coordinates":[-128.9457,44.6317]},"properties":{"id":"usgs:us6000tzl0","source":"USGS","category":"earthquake","event_type":"Earthquake","severity":"moderate","title":"M 4.2 - off the coast of Oregon","description":"off the coast of Oregon","instruction":"","area":"off the coast of Oregon","url":"https://earthquake.usgs.gov/earthquakes/eventpage/us6000tzl0","sender":"USGS","started_at":"2026-10-04T22:13:26.165000+00:00","ended_at":null,"magnitude":4.2,"depth_km":10,"rep_point":[-128.9457,44.6317]}},{"type":"Feature","geometry":{"type":"Point","coordinates":[-150.072,61.595]},"properties":{"id":"usgs:aka2026trmbpb","source":"USGS","category":"earthquake","event_type":"Earthquake","severity":"unknown","title":"M 2.4 - 10 km NW of Big Lake, Alaska","description":"10 km NW of Big Lake, Alaska","instruction":"","area":"10 km NW of Big Lake, Alaska","url":"https://earthquake.usgs.gov/earthquakes/eventpage/aka2026trmbpb","sender":"USGS","started_at":"2026-10-04T22:00:14.091000+00:00","ended_at":null,"magnitude":2.4,"depth_km":13.1,"rep_point":[-150.072,61.595]}},{"type":"Feature","geometry":{"type":"Point","coordinates":[-154.959,58.252]},"properties":{"id":"usgs:aka2026trmava","source":"USGS","category":"earthquake","event_type":"Earthquake","severity":"unknown","title":"M 0.9 - 81 km NNW of Karluk, Alaska","description":"81 km NNW of Karluk, Alaska","instruction":"","area":"81 km NNW of Karluk, Alaska","url":"https://earthquake.usgs.gov/earthquakes/eventpage/aka2026trmava","sender":"USGS","started_at":"2026-10-04T21:59:21.192000+00:00","ended_at":null,"magnitude":0.9,"depth_km":5,"rep_point":[-154.959,58.252]}},{"type":"Feature","geometry":{"type":"Point","coordinates":[-117.256166666667,34.0578333333333]},"properties":{"id":"usgs:ci41343207","source":"USGS","category":"earthquake","event_type":"Earthquake","severity":"unknown","title":"M 1.0 - 1 km NNE of Loma Linda, CA","description":"1 km NNE of Loma Linda, CA","instruction":"","area":"1 km NNE of Loma Linda, CA","url":"https://earthquake.usgs.gov/earthquakes/eventpage/ci41343207","sender":"USGS","started_at":"2026-10-04T21:57:51.070000+00:00","ended_at":null,"magnitude":1.02,"depth_km":14.84,"rep_point":[-117.256166666667,34.0578333333333]}},{"type":"Feature","geometry":{"type":"Point","coordinates":[-155.322830200195,19.0376663208008]},"properties":{"id":"usgs:hv75049877","source":"USGS","category":"earthquake","event_type":"Earthquake","severity":"unknown","title":"M 1.7 - 24 km SE of P\u0101hala, Hawaii","description":"24 km SE of P\u0101hala, Hawaii","instruction":"","area":"24 km SE of P\u0101hala, Hawaii","url":"https://earthquake.usgs.gov/earthquakes/eventpage/hv75049877","sender":"USGS","started_at":"2026-10-04T21:55:55.740000+00:00","ended_at":null,"magnitude":1.72,"depth_km":26.8799991607666,"rep_point":[-155.322830200195,19.0376663208008]}},{"type":"Feature","geometry":{"type":"Point","coordinates":[-122.824333190918,38.8371658325195]},"properties":{"id":"usgs:nc75444456","source":"USGS","category":"earthquake","event_type":"Earthquake","severity":"unknown","title":"M 0.8 - 9 km NW of The Geysers, CA","description":"9 km NW of The Geysers, CA","instruction":"","area":"9 km NW of The Geysers, CA","url":"https://earthquake.usgs.gov/earthquakes/eventpage/nc75444456","sender":"USGS","started_at":"2026-10-04T21:54:12.640000+00:00","ended_at":null,"magnitude":0.83,"depth_km":1.77999997138977,"rep_point":[-122.824333190918,38.8371658325195]}},{"type":"Feature","geometry":{"type":"Point","coordinates":[-121.091499328613,36.5508346557617]},"properties":{"id":"usgs:nc75444446","source":"USGS","category":"earthquake","event_type":"Earthquake","severity":"unknown","title":"M 2.5 - 5 km ENE of Pinnacles, CA","description":"5 km ENE of Pinnacles, CA","instruction":"","area":"5 km ENE of Pinnacles, CA","url":"https://earthquake.usgs.gov/earthquakes/eventpage/nc75444446","sender":"USGS","started_at":"2026-10-04T21:50:15.900000+00:00","ended_at":null,"magnitude":2.48,"depth_km":8,"rep_point":[-121.091499328613,36.5508346557617]}},{"type":"Feature","geometry":{"type":"Point","coordinates":[-116.4915,33.473]},"properties":{"id":"usgs:ci41343199","source":"USGS","category":"earthquake","event_type":"Earthquake","severity":"unknown","title":"M 0.8 - 19 km ESE of Anza, CA","description":"19 km ESE of Anza, CA","instruction":"","area":"19 km ESE of Anza, CA","url":"https://earthquake.usgs.gov/earthquakes/eventpage/ci41343199","sender":"USGS","started_at":"2026-10-04T21:47:25.430000+00:00","ended_at":null,"magnitude":0.84,"depth_km":11.96,"rep_point":[-116.4915,33.473]}},{"type":"Feature","geometry":{"type":"Point","coordinates":[-122.811836242676,38.8274993896484]},"properties":{"id":"usgs:nc75444421","source":"USGS","category":"earthquake","event_type":"Earthquake","severity":"unknown","title":"M 0.7 - 7 km NW of The Geysers, CA","description":"7 km NW of The Geysers, CA","instruction":"","area":"7 km NW of The Geysers, CA","url":"https://earthquake.usgs.gov/earthquakes/eventpage/nc75444421","sender":"USGS","started_at":"2026-10-04T21:25:58.200000+00:00","ended_at":null,"magnitude":0.72,"depth_km":3.24000000953674,"rep_point":[-122.811836242676,38.8274993896484]}},{"type":"Feature","geometry":{"type":"Point","coordinates":[-116.5265,33.1568333333333]},"properties":{"id":"usgs:ci41343191","source":"USGS","category":"earthquake","event_type":"Earthquake","severity":"unknown","title":"M 0.8 - 11 km NE of Julian, CA","description":"11 km NE of Julian, CA","instruction":"","area":"11 km NE of Julian, CA","url":"https://earthquake.usgs.gov/earthquakes/eventpage/ci41343191","sender":"USGS","started_at":"2026-10-04T21:23:36.260000+00:00","ended_at":null,"magnitude":0.76,"depth_km":5.55,"rep_point":[-116.5265,33.1568333333333]}},{"type":"Feature","geometry":{"type":"Point","coordinates":[-116.760666666667,33.6273333333333]},"properties":{"id":"usgs:ci41343183","source":"USGS","category":"earthquake","event_type":"Earthquake","severity":"unknown","title":"M 0.3 - 11 km NW of Anza, CA","description":"11 km NW of Anza, CA","instruction":"","area":"11 km NW of Anza, CA","url":"https://earthquake.usgs.gov/earthquakes/eventpage/ci41343183","sender":"USGS","started_at":"2026-10-04T21:17:49.970000+00:00","ended_at":null,"magnitude":0.34,"depth_km":14.15,"rep_point":[-116.760666666667,33.6273333333333]}},{"type":"Feature","geometry":{"type":"Point","coordinates":[-118.781,36.0378333333333]},"properties":{"id":"usgs:ci41343175","source":"USGS","category":"earthquake","event_type":"Earthquake","severity":"unknown","title":"M 1.8 - 21 km E of Porterville, CA","description":"21 km E of Porterville, CA","instruction":"","area":"21 km E of Porterville, CA","url":"https://earthquake.usgs.gov/earthquakes/eventpage/ci41343175","sender":"USGS","started_at":"2026-10-04T21:07:36.620000+00:00","ended_at":null,"magnitude":1.76,"depth_km":1.14,"rep_point":[-118.781,36.0378333333333]}},{"type":"Feature","geometry":{"type":"Point","coordinates":[-117.199,34.0158333333333]},"properties":{"id":"usgs:ci41343167","source":"USGS","category":"earthquake","event_type":"Earthquake","severity":"unknown","title":"M 0.8 - 5 km SSW of Redlands, CA","description":"5 km SSW of Redlands, CA","instruction":"","area":"5 km SSW of Redlands, CA","url":"https://earthquake.usgs.gov/earthquakes/eventpage/ci41343167","sender":"USGS","started_at":"2026-10-04T21:05:46.260000+00:00","ended_at":null,"magnitude":0.84,"depth_km":3.78,"rep_point":[-117.199,34.0158333333333]}},{"type":"Feature","geometry":{"type":"Point","coordinates":[-122.768836975098,38.787166595459]},"properties":{"id":"usgs:nc75444401","source":"USGS","category":"earthquake","event_type":"Earthquake","severity":"unknown","title":"M 0.8 - 2 km NW of The Geysers, CA","description":"2 km NW of The Geysers, CA","instruction":"","area":"2 km NW of The Geysers, CA","url":"https://earthquake.usgs.gov/earthquakes/eventpage/nc75444401","sender":"USGS","started_at":"2026-10-04T20:47:00.590000+00:00","ended_at":null,"magnitude":0.79,"depth_km":4.07999992370605,"rep_point":[-122.768836975098,38.787166595459]}},{"type":"Feature","geometry":{"type":"Point","coordinates":[-151.779,63.373]},"properties":{"id":"usgs:aka2026trjftv","source":"USGS","category":"earthquake","event_type":"Earthquake","severity":"unknown","title":"M 2.4 - 18 km S of Denali National Park, Alaska","description":"18 km S of Denali National Park, Alaska","instruction":"","area":"18 km S of Denali National Park, Alaska","url":"https://earthquake.usgs.gov/earthquakes/eventpage/aka2026trjftv","sender":"USGS","started_at":"2026-10-04T20:35:03.836000+00:00","ended_at":null,"magnitude":2.4,"depth_km":2.2,"rep_point":[-151.779,63.373]}},{"type":"Feature","geometry":{"type":"Point","coordinates":[-150.346,62.257]},"properties":{"id":"usgs:aka2026triprg","source":"USGS","category":"earthquake","event_type":"Earthquake","severity":"unknown","title":"M 2.3 - 8 km SW of Trapper Creek, Alaska","description":"8 km SW of Trapper Creek, Alaska","instruction":"","area":"8 km SW of Trapper Creek, Alaska","url":"https://earthquake.usgs.gov/earthquakes/eventpage/aka2026triprg","sender":"USGS","started_at":"2026-10-04T20:16:32.960000+00:00","ended_at":null,"magnitude":2.3,"depth_km":58.4,"rep_point":[-150.346,62.257]}},{"type":"Feature","geometry":{"type":"Point","coordinates":[-150.649,64.424]},"properties":{"id":"usgs:aka2026trihoy","source":"USGS","category":"earthquake","event_type":"Earthquake","severity":"unknown","title":"M 1.9 - 64 km S of Manley Hot Springs, Alaska","description":"64 km S of Manley Hot Springs, Alaska","instruction":"","area":"64 km S of Manley Hot Springs, Alaska","url":"https://earthquake.usgs.gov/earthquakes/eventpage/aka2026trihoy","sender":"USGS","started_at":"2026-10-04T20:07:12.594000+00:00","ended_at":null,"magnitude":1.9,"depth_km":5.1,"rep_point":[-150.649,64.424]}},{"type":"Feature","geometry":{"type":"Point","coordinates":[-152.608,59.744]},"properties":{"id":"usgs:aka2026tridfa","source":"USGS","category":"earthquake","event_type":"Earthquake","severity":"unknown","title":"M 1.8 - 43 km W of Anchor Point, Alaska","description":"43 km W of Anchor Point, Alaska","instruction":"","area":"43 km W of Anchor Point, Alaska","url":"https://earthquake.usgs.gov/earthquakes/eventpage/aka2026tridfa","sender":"USGS","started_at":"2026-10-04T20:03:00.986000+00:00","ended_at":null,"magnitude":1.8,"depth_km":93.8,"rep_point":[-152.608,59.744]}},{"type":"Feature","geometry":{"type":"Point","coordinates":[-122.807830810547,38.8396682739258]},"properties":{"id":"usgs:nc75444371","source":"USGS","category":"earthquake","event_type":"Earthquake","severity":"unknown","title":"M 0.3 - 8 km WNW of Cobb, CA","description":"8 km WNW of Cobb, CA","instruction":"","area":"8 km WNW of Cobb, CA","url":"https://earthquake.usgs.gov/earthquakes/eventpage/nc75444371","sender":"USGS","started_at":"2026-10-04T19:56:04.700000+00:00","ended_at":null,"magnitude":0.27,"depth_km":2.42000007629395,"rep_point":[-122.807830810547,38.8396682739258]}},{"type":"Feature","geometry":{"type":"Point","coordinates":[-151.791,63.346]},"properties":{"id":"usgs:aka2026trhvzy","source":"USGS","category":"earthquake","event_type":"Earthquake","severity":"unknown","title":"M 1.7 - 21 km S of Denali National Park, Alaska","description":"21 km S of Denali National Park, Alaska","instruction":"","area":"21 km S of Denali National Park, Alaska","url":"https://earthquake.usgs.gov/earthquakes/eventpage/aka2026trhvzy","sender":"USGS","started_at":"2026-10-04T19:53:51.090000+00:00","ended_at":null,"magnitude":1.7,"depth_km":5,"rep_point":[-151.791,63.346]}},{"type":"Feature","geometry":{"type":"Point","coordinates":[-122.710166931152,38.7879981994629]},"properties":{"id":"usgs:nc75444366","source":"USGS","category":"earthquake","event_type":"Earthquake","severity":"unknown","title":"M 0.9 - 2 km NW of Anderson Springs, CA","description":"2 km NW of Anderson Springs, CA","instruction":"","area":"2 km NW of Anderson Springs, CA","url":"https://earthquake.usgs.gov/earthquakes/eventpage/nc75444366","sender":"USGS","started_at":"2026-10-04T19:53:21.930000+00:00","ended_at":null,"magnitude":0.94,"depth_km":-0.560000002384186,"rep_point":[-122.710166931152,38.7879981994629]}},{"type":"Feature","geometry":{"type":"Point","coordinates":[-117.6895,35.8903333333333]},"properties":{"id":"usgs:ci41343151","source":"USGS","category":"earthquake","event_type":"Earthquake","severity":"unknown","title":"M 0.8 - 20 km ESE of Little Lake, CA","description":"20 km ESE of Little Lake, CA","instruction":"","area":"20 km ESE of Little Lake, CA","url":"https://earthquake.usgs.gov/earthquakes/eventpage/ci41343151","sender":"USGS","started_at":"2026-10-04T19:44:43.500000+00:00","ended_at":null,"magnitude":0.81,"depth_km":4.78,"rep_point":[-117.6895,35.8903333333333]}},{"type":"Feature","geometry":{"type":"Point","coordinates":[-151.154,63.262]},"properties":{"id":"usgs:aka2026trhiav","source":"USGS","category":"earthquake","event_type":"Earthquake","severity":"unknown","title":"M 2.0 - 42 km SE of Denali National Park, Alaska","description":"42 km SE of Denali National Park, Alaska","instruction":"","area":"42 km SE of Denali National Park, Alaska","url":"https://earthquake.usgs.gov/earthquakes/eventpage/aka2026trhiav","sender":"USGS","started_at":"2026-10-04T19:37:45.087000+00:00","ended_at":null,"magnitude":2,"depth_km":5,"rep_point":[-151.154,63.262]}},{"type":"Feature","geometry":{"type":"Point","coordinates":[-116.75,33.6683333333333]},"properties":{"id":"usgs:ci41343119","source":"USGS","category":"earthquake","event_type":"Earthquake","severity":"unknown","title":"M 1.1 - 8 km SSW of Idyllwild, CA","description":"8 km SSW of Idyllwild, CA","instruction":"","area":"8 km SSW of Idyllwild, CA","url":"https://earthquake.usgs.gov/earthquakes/eventpage/ci41343119","sender":"USGS","started_at":"2026-10-04T19:13:32.170000+00:00","ended_at":null,"magnitude":1.05,"depth_km":14.64,"rep_point":[-116.75,33.6683333333333]}},{"type":"Feature","geometry":{"type":"Point","coordinates":[-117.970333333333,35.9725]},"properties":{"id":"usgs:ci41343111","source":"USGS","category":"earthquake","event_type":"Earthquake","severity":"unknown","title":"M 0.4 - 7 km NW of Little Lake, CA","description":"7 km NW of Little Lake, CA","instruction":"","area":"7 km NW of Little Lake, CA","url":"https://earthquake.usgs.gov/earthquakes/eventpage/ci41343111","sender":"USGS","started_at":"2026-10-04T19:11:25.660000+00:00","ended_at":null,"magnitude":0.42,"depth_km":2.96,"rep_point":[-117.970333333333,35.9725]}},{"type":"Feature","geometry":{"type":"Point","coordinates":[-154.618,57.678]},"properties":{"id":"usgs:aka2026trgkus","source":"USGS","category":"earthquake","event_type":"Earthquake","severity":"unknown","title":"M 1.6 - 15 km NW of Karluk, Alaska","description":"15 km NW of Karluk, Alaska","instruction":"","area":"15 km NW of Karluk, Alaska","url":"https://earthquake.usgs.gov/earthquakes/eventpage/aka2026trgkus","sender":"USGS","started_at":"2026-10-04T19:10:55.856000+00:00","ended_at":null,"magnitude":1.6,"depth_km":59.7,"rep_point":[-154.618,57.678]}},{"type":"Feature","geometry":{"type":"Point","coordinates":[-122.704170227051,38.7501678466797]},"properties":{"id":"usgs:nc75444336","source":"USGS","category":"earthquake","event_type":"Earthquake","severity":"unknown","title":"M 1.1 - 3 km SSW of Anderson Springs, CA","description":"3 km SSW of Anderson Springs, CA","instruction":"","area":"3 km SSW of Anderson Springs, CA","url":"https://earthquake.usgs.gov/earthquakes/eventpage/nc75444336","sender":"USGS","started_at":"2026-10-04T19:08:45+00:00","ended_at":null,"magnitude":1.1,"depth_km":1.9099999666214,"rep_point":[-122.704170227051,38.7501678466797]}},{"type":"Feature","geometry":{"type":"Point","coordinates":[-122.821662902832,38.8219985961914]},"properties":{"id":"usgs:nc75444326","source":"USGS","category":"earthquake","event_type":"Earthquake","severity":"unknown","title":"M 0.8 - 8 km NW of The Geysers, CA","description":"8 km NW of The Geysers, CA","instruction":"","area":"8 km NW of The Geysers, CA","url":"https://earthquake.usgs.gov/earthquakes/eventpage/nc75444326","sender":"USGS","started_at":"2026-10-04T18:59:36.140000+00:00","ended_at":null,"magnitude":0.76,"depth_km":6.61999988555908,"rep_point":[-122.821662902832,38.8219985961914]}},{"type":"Feature","geometry":{"type":"Point","coordinates":[-129.1453,44.2452]},"properties":{"id":"usgs:us6000tzka","source":"USGS","category":"earthquake","event_type":"Earthquake","severity":"minor","title":"M 3.2 - off the coast of Oregon","description":"off the coast of Oregon","instruction":"","area":"off the coast of Oregon","url":"https://earthquake.usgs.gov/earthquakes/eventpage/us6000tzka","sender":"USGS","started_at":"2026-10-04T18:56:14.005000+00:00","ended_at":null,"magnitude":3.2,"depth_km":10,"rep_point":[-129.1453,44.2452]}},{"type":"Feature","geometry":{"type":"Point","coordinates":[-121.160835266113,40.2270011901855]},"properties":{"id":"usgs:nc75444321","source":"USGS","category":"earthquake","event_type":"Earthquake","severity":"unknown","title":"M 2.0 - 2 km NE of Almanor, CA","description":"2 km NE of Almanor, CA","instruction":"","area":"2 km NE of Almanor, CA","url":"https://earthquake.usgs.gov/earthquakes/eventpage/nc75444321","sender":"USGS","started_at":"2026-10-04T18:51:40.130000+00:00","ended_at":null,"magnitude":2.03,"depth_km":7.23000001907349,"rep_point":[-121.160835266113,40.2270011901855]}},{"type":"Feature","geometry":{"type":"Point","coordinates":[-155.373001098633,19.0298328399658]},"properties":{"id":"usgs:hv75049797","source":"USGS","category":"earthquake","event_type":"Earthquake","severity":"unknown","title":"M 1.9 - 22 km SSE of P\u0101hala, Hawaii","description":"22 km SSE of P\u0101hala, Hawaii","instruction":"","area":"22 km SSE of P\u0101hala, Hawaii","url":"https://earthquake.usgs.gov/earthquakes/eventpage/hv75049797","sender":"USGS","started_at":"2026-10-04T18:50:29.980000+00:00","ended_at":null,"magnitude":1.88,"depth_km":30.7700004577637,"rep_point":[-155.373001098633,19.0298328399658]}},{"type":"Feature","geometry":{"type":"Point","coordinates":[-115.931,38.238]},"properties":{"id":"usgs:nn00925278","source":"USGS","category":"earthquake","event_type":"Earthquake","severity":"unknown","title":"M 1.8 - 67 km NNW of Rachel, Nevada","description":"67 km NNW of Rachel, Nevada","instruction":"","area":"67 km NNW of Rachel, Nevada","url":"https://earthquake.usgs.gov/earthquakes/eventpage/nn00925278","sender":"USGS","started_at":"2026-10-04T18:49:37.530000+00:00","ended_at":null,"magnitude":1.83,"depth_km":7.7108,"rep_point":[-115.931,38.238]}},{"type":"Feature","geometry":{"type":"Point","coordinates":[-155.217,57.794]},"properties":{"id":"usgs:aka2026trfmoh","source":"USGS","category":"earthquake","event_type":"Earthquake","severity":"unknown","title":"M 1.6 - 51 km WNW of Karluk, Alaska","description":"51 km WNW of Karluk, Alaska","instruction":"","area":"51 km WNW of Karluk, Alaska","url":"https://earthquake.usgs.gov/earthquakes/eventpage/aka2026trfmoh","sender":"USGS","started_at":"2026-10-04T18:42:59.102000+00:00","ended_at":null,"magnitude":1.6,"depth_km":27.5,"rep_point":[-155.217,57.794]}},{"type":"Feature","geometry":{"type":"Point","coordinates":[-121.15950012207,40.2358322143555]},"properties":{"id":"usgs:nc75444306","source":"USGS","category":"earthquake","event_type":"Earthquake","severity":"unknown","title":"M 1.9 - 3 km NE of Almanor, CA","description":"3 km NE of Almanor, CA","instruction":"","area":"3 km NE of Almanor, CA","url":"https://earthquake.usgs.gov/earthquakes/eventpage/nc75444306","sender":"USGS","started_at":"2026-10-04T18:22:37.690000+00:00","ended_at":null,"magnitude":1.94,"depth_km":6.8600001335144,"rep_point":[-121.15950012207,40.2358322143555]}},{"type":"Feature","geometry":{"type":"Point","coordinates":[-117.865166666667,36.1025]},"properties":{"id":"usgs:ci41343095","source":"USGS","category":"earthquake","event_type":"Earthquake","severity":"unknown","title":"M 1.6 - 10 km NE of Coso Junction, CA","description":"10 km NE of Coso Junction, CA","instruction":"","area":"10 km NE of Coso Junction, CA","url":"https://earthquake.usgs.gov/earthquakes/eventpage/ci41343095","sender":"USGS","started_at":"2026-10-04T18:15:34.120000+00:00","ended_at":null,"magnitude":1.61,"depth_km":2.62,"rep_point":[-117.865166666667,36.1025]}},{"type":"Feature","geometry":{"type":"Point","coordinates":[-118.0095,35.2636666666667]},"properties":{"id":"usgs:ci41343087","source":"USGS","category":"earthquake","event_type":"Earthquake","severity":"unknown","title":"M 0.9 - 15 km N of California City, CA","description":"15 km N of California City, CA","instruction":"","area":"15 km N of California City, CA","url":"https://earthquake.usgs.gov/earthquakes/eventpage/ci41343087","sender":"USGS","started_at":"2026-10-04T18:13:42.330000+00:00","ended_at":null,"magnitude":0.89,"depth_km":7.13,"rep_point":[-118.0095,35.2636666666667]}},{"type":"Feature","geometry":{"type":"Point","coordinates":[-122.798164367676,38.8071670532227]},"properties":{"id":"usgs:nc75444271","source":"USGS","category":"earthquake","event_type":"Earthquake","severity":"unknown","title":"M 0.8 - 5 km NW of The Geysers, CA","description":"5 km NW of The Geysers, CA","instruction":"","area":"5 km NW of The Geysers, CA","url":"https://earthquake.usgs.gov/earthquakes/eventpage/nc75444271","sender":"USGS","started_at":"2026-10-04T18:05:52.010000+00:00","ended_at":null,"magnitude":0.78,"depth_km":3.4300000667572,"rep_point":[-122.798164367676,38.8071670532227]}},{"type":"Feature","geometry":{"type":"Point","coordinates":[-122.771667480469,38.7866668701172]},"properties":{"id":"usgs:nc75444261","source":"USGS","category":"earthquake","event_type":"Earthquake","severity":"unknown","title":"M 1.5 - 2 km NW of The Geysers, CA","description":"2 km NW of The Geysers, CA","instruction":"","area":"2 km NW of The Geysers, CA","url":"https://earthquake.usgs.gov/earthquakes/eventpage/nc75444261","sender":"USGS","started_at":"2026-10-04T17:57:07.730000+00:00","ended_at":null,"magnitude":1.53,"depth_km":3.46000003814697,"rep_point":[-122.771667480469,38.7866668701172]}},{"type":"Feature","geometry":{"type":"Point","coordinates":[-117.908666666667,36.1608333333333]},"properties":{"id":"usgs:ci10255934","source":"USGS","category":"earthquake","event_type":"Earthquake","severity":"unknown","title":"M 0.3 - 13 km NNE of Coso Junction, CA","description":"13 km NNE of Coso Junction, CA","instruction":"","area":"13 km NNE of Coso Junction, CA","url":"https://earthquake.usgs.gov/earthquakes/eventpage/ci10255934","sender":"USGS","started_at":"2026-10-04T17:44:25.950000+00:00","ended_at":null,"magnitude":0.33,"depth_km":7.56,"rep_point":[-117.908666666667,36.1608333333333]}},{"type":"Feature","geometry":{"type":"Point","coordinates":[-117.561666666667,35.7225]},"properties":{"id":"usgs:ci41343079","source":"USGS","category":"earthquake","event_type":"Earthquake","severity":"unknown","title":"M 0.4 - 15 km WSW of Searles Valley, CA","description":"15 km WSW of Searles Valley, CA","instruction":"","area":"15 km WSW of Searles Valley, CA","url":"https://earthquake.usgs.gov/earthquakes/eventpage/ci41343079","sender":"USGS","started_at":"2026-10-04T17:44:22.320000+00:00","ended_at":null,"magnitude":0.36,"depth_km":4.42,"rep_point":[-117.561666666667,35.7225]}},{"type":"Feature","geometry":{"type":"Point","coordinates":[-115.1445,37.1302]},"properties":{"id":"usgs:nn00925271","source":"USGS","category":"earthquake","event_type":"Earthquake","severity":"unknown","title":"M 1.6 - 26 km S of Alamo, Nevada","description":"26 km S of Alamo, Nevada","instruction":"","area":"26 km S of Alamo, Nevada","url":"https://earthquake.usgs.gov/earthquakes/eventpage/nn00925271","sender":"USGS","started_at":"2026-10-04T17:35:10.138000+00:00","ended_at":null,"magnitude":1.64,"depth_km":6.6623,"rep_point":[-115.1445,37.1302]}},{"type":"Feature","geometry":{"type":"Point","coordinates":[-155.593994140625,19.4303340911865]},"properties":{"id":"usgs:hv75049762","source":"USGS","category":"earthquake","event_type":"Earthquake","severity":"unknown","title":"M 2.5 - 27 km NNW of P\u0101hala, Hawaii","description":"27 km NNW of P\u0101hala, Hawaii","instruction":"","area":"27 km NNW of P\u0101hala, Hawaii","url":"https://earthquake.usgs.gov/earthquakes/eventpage/hv75049762","sender":"USGS","started_at":"2026-10-04T17:15:00.280000+00:00","ended_at":null,"magnitude":2.45,"depth_km":40.689998626709,"rep_point":[-155.593994140625,19.4303340911865]}},{"type":"Feature","geometry":{"type":"Point","coordinates":[-155.440826416016,19.2621669769287]},"properties":{"id":"usgs:hv75049757","source":"USGS","category":"earthquake","event_type":"Earthquake","severity":"unknown","title":"M 1.8 - 7 km NNE of P\u0101hala, Hawaii","description":"7 km NNE of P\u0101hala, Hawaii","instruction":"","area":"7 km NNE of P\u0101hala, Hawaii","url":"https://earthquake.usgs.gov/earthquakes/eventpage/hv75049757","sender":"USGS","started_at":"2026-10-04T17:00:16.230000+00:00","ended_at":null,"magnitude":1.75,"depth_km":29.3500003814697,"rep_point":[-155.440826416016,19.2621669769287]}},{"type":"Feature","geometry":{"type":"Point","coordinates":[-117.768833333333,36.0193333333333]},"properties":{"id":"usgs:ci41343071","source":"USGS","category":"earthquake","event_type":"Earthquake","severity":"unknown","title":"M 0.8 - 15 km NE of Little Lake, CA","description":"15 km NE of Little Lake, CA","instruction":"","area":"15 km NE of Little Lake, CA","url":"https://earthquake.usgs.gov/earthquakes/eventpage/ci41343071","sender":"USGS","started_at":"2026-10-04T16:55:55.200000+00:00","ended_at":null,"magnitude":0.84,"depth_km":1.49,"rep_point":[-117.768833333333,36.0193333333333]}},{"type":"Feature","geometry":{"type":"Point","coordinates":[-117.7635,38.2097]},"properties":{"id":"usgs:nn00925269","source":"USGS","category":"earthquake","event_type":"Earthquake","severity":"unknown","title":"M 2.5 - 36 km ESE of Mina, Nevada","description":"36 km ESE of Mina, Nevada","instruction":"","area":"36 km ESE of Mina, Nevada","url":"https://earthquake.usgs.gov/earthquakes/eventpage/nn00925269","sender":"USGS","started_at":"2026-10-04T16:47:25.790000+00:00","ended_at":null,"magnitude":2.52,"depth_km":4.1361,"rep_point":[-117.7635,38.2097]}},{"type":"Feature","geometry":{"type":"Point","coordinates":[-137.235,58.51]},"properties":{"id":"usgs:aka2026trbbuc","source":"USGS","category":"earthquake","event_type":"Earthquake","severity":"minor","title":"M 3.0 - 62 km WNW of Elfin Cove, Alaska","description":"62 km WNW of Elfin Cove, Alaska","instruction":"","area":"62 km WNW of Elfin Cove, Alaska","url":"https://earthquake.usgs.gov/earthquakes/eventpage/aka2026trbbuc","sender":"USGS","started_at":"2026-10-04T16:30:36.607000+00:00","ended_at":null,"magnitude":3,"depth_km":5,"rep_point":[-137.235,58.51]}},{"type":"Feature","geometry":{"type":"Point","coordinates":[-153.24,59.889]},"properties":{"id":"usgs:aka2026tqzyhk","source":"USGS","category":"earthquake","event_type":"Earthquake","severity":"unknown","title":"M 2.4 - 49 km ENE of Pedro Bay, Alaska","description":"49 km ENE of Pedro Bay, Alaska","instruction":"","area":"49 km ENE of Pedro Bay, Alaska","url":"https://earthquake.usgs.gov/earthquakes/eventpage/aka2026tqzyhk","sender":"USGS","started_at":"2026-10-04T15:56:41.959000+00:00","ended_at":null,"magnitude":2.4,"depth_km":132.7,"rep_point":[-153.24,59.889]}},{"type":"Feature","geometry":{"type":"Point","coordinates":[-117.795833333333,35.3095]},"properties":{"id":"usgs:ci41343047","source":"USGS","category":"earthquake","event_type":"Earthquake","severity":"unknown","title":"M 1.0 - 16 km WSW of Johannesburg, CA","description":"16 km WSW of Johannesburg, CA","instruction":"","area":"16 km WSW of Johannesburg, CA","url":"https://earthquake.usgs.gov/earthquakes/eventpage/ci41343047","sender":"USGS","started_at":"2026-10-04T15:34:21.910000+00:00","ended_at":null,"magnitude":1.04,"depth_km":5.88,"rep_point":[-117.795833333333,35.3095]}},{"type":"Feature","geometry":{"type":"Point","coordinates":[-116.7955,33.7251666666667]},"properties":{"id":"usgs:ci41343039","source":"USGS","category":"earthquake","event_type":"Earthquake","severity":"unknown","title":"M 0.5 - 7 km WSW of Idyllwild, CA","description":"7 km WSW of Idyllwild, CA","instruction":"","area":"7 km WSW of Idyllwild, CA","url":"https://earthquake.usgs.gov/earthquakes/eventpage/ci41343039","sender":"USGS","started_at":"2026-10-04T15:30:52.140000+00:00","ended_at":null,"magnitude":0.5,"depth_km":15.33,"rep_point":[-116.7955,33.7251666666667]}},{"type":"Feature","geometry":{"type":"Point","coordinates":[-118.416,35.9453333333333]},"properties":{"id":"usgs:ci41343023","source":"USGS","category":"earthquake","event_type":"Earthquake","severity":"unknown","title":"M 2.2 - 21 km N of Kernville, CA","description":"21 km N of Kernville, CA","instruction":"","area":"21 km N of Kernville, CA","url":"https://earthquake.usgs.gov/earthquakes/eventpage/ci41343023","sender":"USGS","started_at":"2026-10-04T15:28:27.060000+00:00","ended_at":null,"magnitude":2.23,"depth_km":3.25,"rep_point":[-118.416,35.9453333333333]}},{"type":"Feature","geometry":{"type":"Point","coordinates":[-116.244833333333,33.3196666666667]},"properties":{"id":"usgs:ci41343015","source":"USGS","category":"earthquake","event_type":"Earthquake","severity":"unknown","title":"M 0.7 - 14 km ENE of Borrego Springs, CA","description":"14 km ENE of Borrego Springs, CA","instruction":"","area":"14 km ENE of Borrego Springs, CA","url":"https://earthquake.usgs.gov/earthquakes/eventpage/ci41343015","sender":"USGS","started_at":"2026-10-04T15:07:24.900000+00:00","ended_at":null,"magnitude":0.7,"depth_km":10.05,"rep_point":[-116.244833333333,33.3196666666667]}},{"type":"Feature","geometry":{"type":"Point","coordinates":[-155.278335571289,19.4088325500488]},"properties":{"id":"usgs:hv75049717","source":"USGS","category":"earthquake","event_type":"Earthquake","severity":"unknown","title":"M 2.4 - 5 km SW of Volcano, Hawaii","description":"5 km SW of Volcano, Hawaii","instruction":"","area":"5 km SW of Volcano, Hawaii","url":"https://earthquake.usgs.gov/earthquakes/eventpage/hv75049717","sender":"USGS","started_at":"2026-10-04T15:06:20.120000+00:00","ended_at":null,"magnitude":2.42,"depth_km":0.0799999982118607,"rep_point":[-155.278335571289,19.4088325500488]}},{"type":"Feature","geometry":{"type":"Point","coordinates":[-158.759,55.418]},"properties":{"id":"usgs:aka2026tqyehr","source":"USGS","category":"earthquake","event_type":"Earthquake","severity":"unknown","title":"M 2.5 - 60 km SSE of Perryville, Alaska","description":"60 km SSE of Perryville, Alaska","instruction":"","area":"60 km SSE of Perryville, Alaska","url":"https://earthquake.usgs.gov/earthquakes/eventpage/aka2026tqyehr","sender":"USGS","started_at":"2026-10-04T15:03:30.731000+00:00","ended_at":null,"magnitude":2.5,"depth_km":27.6,"rep_point":[-158.759,55.418]}},{"type":"Feature","geometry":{"type":"Point","coordinates":[-155.276992797852,19.4158325195312]},"properties":{"id":"usgs:hv75049712","source":"USGS","category":"earthquake","event_type":"Earthquake","severity":"unknown","title":"M 2.1 - 5 km WSW of Volcano, Hawaii","description":"5 km WSW of Volcano, Hawaii","instruction":"","area":"5 km WSW of Volcano, Hawaii","url":"https://earthquake.usgs.gov/earthquakes/eventpage/hv75049712","sender":"USGS","started_at":"2026-10-04T15:03:04.620000+00:00","ended_at":null,"magnitude":2.14,"depth_km":0.509999990463257,"rep_point":[-155.276992797852,19.4158325195312]}},{"type":"Feature","geometry":{"type":"Point","coordinates":[-119.5922,40.2841]},"properties":{"id":"usgs:nn00925263","source":"USGS","category":"earthquake","event_type":"Earthquake","severity":"unknown","title":"M 1.6 - 37 km N of Sutcliffe, Nevada","description":"37 km N of Sutcliffe, Nevada","instruction":"","area":"37 km N of Sutcliffe, Nevada","url":"https://earthquake.usgs.gov/earthquakes/eventpage/nn00925263","sender":"USGS","started_at":"2026-10-04T14:48:11.592000+00:00","ended_at":null,"magnitude":1.56,"depth_km":6.389,"rep_point":[-119.5922,40.2841]}},{"type":"Feature","geometry":{"type":"Point","coordinates":[-66.7848333333333,18.0421666666667]},"properties":{"id":"usgs:pr71535723","source":"USGS","category":"earthquake","event_type":"Earthquake","severity":"unknown","title":"M 2.1 - 2 km NNE of Guayanilla, Puerto Rico","description":"2 km NNE of Guayanilla, Puerto Rico","instruction":"","area":"2 km NNE of Guayanilla, Puerto Rico","url":"https://earthquake.usgs.gov/earthquakes/eventpage/pr71535723","sender":"USGS","started_at":"2026-10-04T14:36:59.760000+00:00","ended_at":null,"magnitude":2.13,"depth_km":14.02,"rep_point":[-66.7848333333333,18.0421666666667]}},{"type":"Feature","geometry":{"type":"Point","coordinates":[-116.4503,38.5285]},"properties":{"id":"usgs:nn00925260","source":"USGS","category":"earthquake","event_type":"Earthquake","severity":"unknown","title":"M 1.7 - 85 km NE of Tonopah, Nevada","description":"85 km NE of Tonopah, Nevada","instruction":"","area":"85 km NE of Tonopah, Nevada","url":"https://earthquake.usgs.gov/earthquakes/eventpage/nn00925260","sender":"USGS","started_at":"2026-10-04T14:23:32.580000+00:00","ended_at":null,"magnitude":1.68,"depth_km":0.0198,"rep_point":[-116.4503,38.5285]}},{"type":"Feature","geometry":{"type":"Point","coordinates":[-155.063171386719,19.7993335723877]},"properties":{"id":"usgs:hv75049677","source":"USGS","category":"earthquake","event_type":"Earthquake","severity":"unknown","title":"M 2.0 - 3 km ENE of P\u0101pa\u2018ikou, Hawaii","description":"3 km ENE of P\u0101pa\u2018ikou, Hawaii","instruction":"","area":"3 km ENE of P\u0101pa\u2018ikou, Hawaii","url":"https://earthquake.usgs.gov/earthquakes/eventpage/hv75049677","sender":"USGS","started_at":"2026-10-04T14:10:53.770000+00:00","ended_at":null,"magnitude":2,"depth_km":43.9099998474121,"rep_point":[-155.063171386719,19.7993335723877]}},{"type":"Feature","geometry":{"type":"Point","coordinates":[-104.6295,32.5442]},"properties":{"id":"usgs:us6000tzj9","source":"USGS","category":"earthquake","event_type":"Earthquake","severity":"unknown","title":"M 2.9 - 31 km SSE of Hope, New Mexico","description":"31 km SSE of Hope, New Mexico","instruction":"","area":"31 km SSE of Hope, New Mexico","url":"https://earthquake.usgs.gov/earthquakes/eventpage/us6000tzj9","sender":"USGS","started_at":"2026-10-04T14:09:56.506000+00:00","ended_at":null,"magnitude":2.9,"depth_km":5,"rep_point":[-104.6295,32.5442]}},{"type":"Feature","geometry":{"type":"Point","coordinates":[-155.448501586914,19.1513328552246]},"properties":{"id":"usgs:hv75049672","source":"USGS","category":"earthquake","event_type":"Earthquake","severity":"unknown","title":"M 1.8 - 6 km SSE of P\u0101hala, Hawaii","description":"6 km SSE of P\u0101hala, Hawaii","instruction":"","area":"6 km SSE of P\u0101hala, Hawaii","url":"https://earthquake.usgs.gov/earthquakes/eventpage/hv75049672","sender":"USGS","started_at":"2026-10-04T14:00:45.450000+00:00","ended_at":null,"magnitude":1.76,"depth_km":29.25,"rep_point":[-155.448501586914,19.1513328552246]}},{"type":"Feature","geometry":{"type":"Point","coordinates":[-122.796501159668,38.8253326416016]},"properties":{"id":"usgs:nc75444151","source":"USGS","category":"earthquake","event_type":"Earthquake","severity":"unknown","title":"M 1.0 - 6 km W of Cobb, CA","description":"6 km W of Cobb, CA","instruction":"","area":"6 km W of Cobb, CA","url":"https://earthquake.usgs.gov/earthquakes/eventpage/nc75444151","sender":"USGS","started_at":"2026-10-04T13:54:50.150000+00:00","ended_at":null,"magnitude":1.02,"depth_km":2.15000009536743,"rep_point":[-122.796501159668,38.8253326416016]}},{"type":"Feature","geometry":{"type":"Point","coordinates":[-116.453166666667,33.5136666666667]},"properties":{"id":"usgs:ci41343007","source":"USGS","category":"earthquake","event_type":"Earthquake","severity":"unknown","title":"M 0.4 - 21 km ESE of Anza, CA","description":"21 km ESE of Anza, CA","instruction":"","area":"21 km ESE of Anza, CA","url":"https://earthquake.usgs.gov/earthquakes/eventpage/ci41343007","sender":"USGS","started_at":"2026-10-04T13:54:05.480000+00:00","ended_at":null,"magnitude":0.36,"depth_km":6.25,"rep_point":[-116.453166666667,33.5136666666667]}},{"type":"Feature","geometry":{"type":"Point","coordinates":[-152.99,60.381]},"properties":{"id":"usgs:aka2026tqvsdr","source":"USGS","category":"earthquake","event_type":"Earthquake","severity":"unknown","title":"M 0.8 - 76 km ENE of Port Alsworth, Alaska","description":"76 km ENE of Port Alsworth, Alaska","instruction":"","area":"76 km ENE of Port Alsworth, Alaska","url":"https://earthquake.usgs.gov/earthquakes/eventpage/aka2026tqvsdr","sender":"USGS","started_at":"2026-10-04T13:49:35.726000+00:00","ended_at":null,"magnitude":0.8,"depth_km":5,"rep_point":[-152.99,60.381]}},{"type":"Feature","geometry":{"type":"Point","coordinates":[-155.487670898438,19.1860008239746]},"properties":{"id":"usgs:hv75049667","source":"USGS","category":"earthquake","event_type":"Earthquake","severity":"unknown","title":"M 1.7 - 2 km SSW of P\u0101hala, Hawaii","description":"2 km SSW of P\u0101hala, Hawaii","instruction":"","area":"2 km SSW of P\u0101hala, Hawaii","url":"https://earthquake.usgs.gov/earthquakes/eventpage/hv75049667","sender":"USGS","started_at":"2026-10-04T13:41:55.920000+00:00","ended_at":null,"magnitude":1.71,"depth_km":28,"rep_point":[-155.487670898438,19.1860008239746]}},{"type":"Feature","geometry":{"type":"Point","coordinates":[-150.909,65.521]},"properties":{"id":"usgs:aka2026tqvlmd","source":"USGS","category":"earthquake","event_type":"Earthquake","severity":"unknown","title":"M 1.8 - 34 km W of Rampart, Alaska","description":"34 km W of Rampart, Alaska","instruction":"","area":"34 km W of Rampart, Alaska","url":"https://earthquake.usgs.gov/earthquakes/eventpage/aka2026tqvlmd","sender":"USGS","started_at":"2026-10-04T13:41:52.658000+00:00","ended_at":null,"magnitude":1.8,"depth_km":7.9,"rep_point":[-150.909,65.521]}},{"type":"Feature","geometry":{"type":"Point","coordinates":[-155.084,57.033]},"properties":{"id":"usgs:aka2026tqvifo","source":"USGS","category":"earthquake","event_type":"Earthquake","severity":"minor","title":"M 3.4 - 56 km W of Akhiok, Alaska","description":"56 km W of Akhiok, Alaska","instruction":"","area":"56 km W of Akhiok, Alaska","url":"https://earthquake.usgs.gov/earthquakes/eventpage/aka2026tqvifo","sender":"USGS","started_at":"2026-10-04T13:38:07.206000+00:00","ended_at":null,"magnitude":3.4,"depth_km":65.3,"rep_point":[-155.084,57.033]}},{"type":"Feature","geometry":{"type":"Point","coordinates":[-116.566166666667,33.4671666666667]},"properties":{"id":"usgs:ci41342999","source":"USGS","category":"earthquake","event_type":"Earthquake","severity":"unknown","title":"M 0.3 - 14 km SE of Anza, CA","description":"14 km SE of Anza, CA","instruction":"","area":"14 km SE of Anza, CA","url":"https://earthquake.usgs.gov/earthquakes/eventpage/ci41342999","sender":"USGS","started_at":"2026-10-04T13:33:33.910000+00:00","ended_at":null,"magnitude":0.33,"depth_km":10.14,"rep_point":[-116.566166666667,33.4671666666667]}},{"type":"Feature","geometry":{"type":"Point","coordinates":[-151.695,60.301]},"properties":{"id":"usgs:aka2026tquwqe","source":"USGS","category":"earthquake","event_type":"Earthquake","severity":"unknown","title":"M 2.6 - 18 km WNW of Clam Gulch, Alaska","description":"18 km WNW of Clam Gulch, Alaska","instruction":"","area":"18 km WNW of Clam Gulch, Alaska","url":"https://earthquake.usgs.gov/earthquakes/eventpage/aka2026tquwqe","sender":"USGS","started_at":"2026-10-04T13:24:48.891000+00:00","ended_at":null,"magnitude":2.6,"depth_km":70.4,"rep_point":[-151.695,60.301]}},{"type":"Feature","geometry":{"type":"Point","coordinates":[-117.039333333333,33.8675]},"properties":{"id":"usgs:ci41342991","source":"USGS","category":"earthquake","event_type":"Earthquake","severity":"unknown","title":"M 0.3 - 9 km SW of Beaumont, CA","description":"9 km SW of Beaumont, CA","instruction":"","area":"9 km SW of Beaumont, CA","url":"https://earthquake.usgs.gov/earthquakes/eventpage/ci41342991","sender":"USGS","started_at":"2026-10-04T13:24:02.750000+00:00","ended_at":null,"magnitude":0.28,"depth_km":8.72,"rep_point":[-117.039333333333,33.8675]}},{"type":"Feature","geometry":{"type":"Point","coordinates":[-154.935,58.275]},"properties":{"id":"usgs:aka2026tquufp","source":"USGS","category":"earthquake","event_type":"Earthquake","severity":"unknown","title":"M 0.6 - 83 km NNW of Karluk, Alaska","description":"83 km NNW of Karluk, Alaska","instruction":"","area":"83 km NNW of Karluk, Alaska","url":"https://earthquake.usgs.gov/earthquakes/eventpage/aka2026tquufp","sender":"USGS","started_at":"2026-10-04T13:21:58.698000+00:00","ended_at":null,"magnitude":0.6,"depth_km":5,"rep_point":[-154.935,58.275]}},{"type":"Feature","geometry":{"type":"Point","coordinates":[-122.817337036133,38.8308334350586]},"properties":{"id":"usgs:nc75444146","source":"USGS","category":"earthquake","event_type":"Earthquake","severity":"unknown","title":"M 0.8 - 8 km NW of The Geysers, CA","description":"8 km NW of The Geysers, CA","instruction":"","area":"8 km NW of The Geysers, CA","url":"https://earthquake.usgs.gov/earthquakes/eventpage/nc75444146","sender":"USGS","started_at":"2026-10-04T13:05:54.760000+00:00","ended_at":null,"magnitude":0.76,"depth_km":1.67999994754791,"rep_point":[-122.817337036133,38.8308334350586]}},{"type":"Feature","geometry":{"type":"Point","coordinates":[-122.811996459961,38.8341674804688]},"properties":{"id":"usgs:nc75444141","source":"USGS","category":"earthquake","event_type":"Earthquake","severity":"unknown","title":"M 0.2 - 8 km W of Cobb, CA","description":"8 km W of Cobb, CA","instruction":"","area":"8 km W of Cobb, CA","url":"https://earthquake.usgs.gov/earthquakes/eventpage/nc75444141","sender":"USGS","started_at":"2026-10-04T12:57:32.680000+00:00","ended_at":null,"magnitude":0.23,"depth_km":2.25,"rep_point":[-122.811996459961,38.8341674804688]}},{"type":"Feature","geometry":{"type":"Point","coordinates":[-154.716,59.297]},"properties":{"id":"usgs:aka2026tqtyyr","source":"USGS","category":"earthquake","event_type":"Earthquake","severity":"unknown","title":"M 2.1 - 16 km SSE of Kokhanok, Alaska","description":"16 km SSE of Kokhanok, Alaska","instruction":"","area":"16 km SSE of Kokhanok, Alaska","url":"https://earthquake.usgs.gov/earthquakes/eventpage/aka2026tqtyyr","sender":"USGS","started_at":"2026-10-04T12:57:26.428000+00:00","ended_at":null,"magnitude":2.1,"depth_km":0,"rep_point":[-154.716,59.297]}},{"type":"Feature","geometry":{"type":"Point","coordinates":[-121.859664916992,37.4983329772949]},"properties":{"id":"usgs:nc75444136","source":"USGS","category":"earthquake","event_type":"Earthquake","severity":"unknown","title":"M 1.6 - 9 km NNE of Milpitas, CA","description":"9 km NNE of Milpitas, CA","instruction":"","area":"9 km NNE of Milpitas, CA","url":"https://earthquake.usgs.gov/earthquakes/eventpage/nc75444136","sender":"USGS","started_at":"2026-10-04T12:49:44.270000+00:00","ended_at":null,"magnitude":1.62,"depth_km":5.65000009536743,"rep_point":[-121.859664916992,37.4983329772949]}},{"type":"Feature","geometry":{"type":"Point","coordinates":[-150.666,60.381]},"properties":{"id":"usgs:aka2026tqtplt","source":"USGS","category":"earthquake","event_type":"Earthquake","severity":"minor","title":"M 3.4 - 14 km SSE of Funny River, Alaska","description":"14 km SSE of Funny River, Alaska","instruction":"","area":"14 km SSE of Funny River, Alaska","url":"https://earthquake.usgs.gov/earthquakes/eventpage/aka2026tqtplt","sender":"USGS","started_at":"2026-10-04T12:46:30.522000+00:00","ended_at":null,"magnitude":3.4,"depth_km":68.2,"rep_point":[-150.666,60.381]}},{"type":"Feature","geometry":{"type":"Point","coordinates":[-117.2305,31.8803333333333]},"properties":{"id":"usgs:ci41342975","source":"USGS","category":"earthquake","event_type":"Earthquake","severity":"unknown","title":"M 2.7 - 48 km SW of Primo Tapia, B.C., MX","description":"48 km SW of Primo Tapia, B.C., MX","instruction":"","area":"48 km SW of Primo Tapia, B.C., MX","url":"https://earthquake.usgs.gov/earthquakes/eventpage/ci41342975","sender":"USGS","started_at":"2026-10-04T12:18:15.060000+00:00","ended_at":null,"magnitude":2.7,"depth_km":16.02,"rep_point":[-117.2305,31.8803333333333]}},{"type":"Feature","geometry":{"type":"Point","coordinates":[-122.813667297363,38.8183326721191]},"properties":{"id":"usgs:nc75444126","source":"USGS","category":"earthquake","event_type":"Earthquake","severity":"unknown","title":"M 0.7 - 7 km NW of The Geysers, CA","description":"7 km NW of The Geysers, CA","instruction":"","area":"7 km NW of The Geysers, CA","url":"https://earthquake.usgs.gov/earthquakes/eventpage/nc75444126","sender":"USGS","started_at":"2026-10-04T12:16:01.080000+00:00","ended_at":null,"magnitude":0.66,"depth_km":3.07999992370605,"rep_point":[-122.813667297363,38.8183326721191]}},{"type":"Feature","geometry":{"type":"Point","coordinates":[-116.761,33.5833333333333]},"properties":{"id":"usgs:ci41342967","source":"USGS","category":"earthquake","event_type":"Earthquake","severity":"unknown","title":"M 0.6 - 9 km WNW of Anza, CA","description":"9 km WNW of Anza, CA","instruction":"","area":"9 km WNW of Anza, CA","url":"https://earthquake.usgs.gov/earthquakes/eventpage/ci41342967","sender":"USGS","started_at":"2026-10-04T11:53:20.820000+00:00","ended_at":null,"magnitude":0.64,"depth_km":11.63,"rep_point":[-116.761,33.5833333333333]}},{"type":"Feature","geometry":{"type":"Point","coordinates":[-151.836,60.988]},"properties":{"id":"usgs:aka2026tqrlpb","source":"USGS","category":"earthquake","event_type":"Earthquake","severity":"unknown","title":"M 1.8 - 38 km WSW of Tyonek, Alaska","description":"38 km WSW of Tyonek, Alaska","instruction":"","area":"38 km WSW of Tyonek, Alaska","url":"https://earthquake.usgs.gov/earthquakes/eventpage/aka2026tqrlpb","sender":"USGS","started_at":"2026-10-04T11:42:01.084000+00:00","ended_at":null,"magnitude":1.8,"depth_km":90.6,"rep_point":[-151.836,60.988]}},{"type":"Feature","geometry":{"type":"Point","coordinates":[-122.793830871582,38.8183326721191]},"properties":{"id":"usgs:nc75444116","source":"USGS","category":"earthquake","event_type":"Earthquake","severity":"unknown","title":"M 0.8 - 6 km NW of The Geysers, CA","description":"6 km NW of The Geysers, CA","instruction":"","area":"6 km NW of The Geysers, CA","url":"https://earthquake.usgs.gov/earthquakes/eventpage/nc75444116","sender":"USGS","started_at":"2026-10-04T11:26:51.430000+00:00","ended_at":null,"magnitude":0.76,"depth_km":2.45000004768372,"rep_point":[-122.793830871582,38.8183326721191]}},{"type":"Feature","geometry":{"type":"Point","coordinates":[-147.778,63.727]},"properties":{"id":"usgs:aka2026tqqxfx","source":"USGS","category":"earthquake","event_type":"Earthquake","severity":"unknown","title":"M 1.5 - 56 km E of Denali Park, Alaska","description":"56 km E of Denali Park, Alaska","instruction":"","area":"56 km E of Denali Park, Alaska","url":"https://earthquake.usgs.gov/earthquakes/eventpage/aka2026tqqxfx","sender":"USGS","started_at":"2026-10-04T11:25:30.323000+00:00","ended_at":null,"magnitude":1.5,"depth_km":5,"rep_point":[-147.778,63.727]}},{"type":"Feature","geometry":{"type":"Point","coordinates":[-119.0087,39.1742]},"properties":{"id":"usgs:nn00925253","source":"USGS","category":"earthquake","event_type":"Earthquake","severity":"unknown","title":"M 1.6 - 24 km NNE of Yerington, Nevada","description":"24 km NNE of Yerington, Nevada","instruction":"","area":"24 km NNE of Yerington, Nevada","url":"https://earthquake.usgs.gov/earthquakes/eventpage/nn00925253","sender":"USGS","started_at":"2026-10-04T11:13:40.411000+00:00","ended_at":null,"magnitude":1.61,"depth_km":7.6189,"rep_point":[-119.0087,39.1742]}},{"type":"Feature","geometry":{"type":"Point","coordinates":[-152.431,60.196]},"properties":{"id":"usgs:aka2026tqqmxd","source":"USGS","category":"earthquake","event_type":"Earthquake","severity":"unknown","title":"M 1.3 - 45 km WNW of Ninilchik, Alaska","description":"45 km WNW of Ninilchik, Alaska","instruction":"","area":"45 km WNW of Ninilchik, Alaska","url":"https://earthquake.usgs.gov/earthquakes/eventpage/aka2026tqqmxd","sender":"USGS","started_at":"2026-10-04T11:13:34.922000+00:00","ended_at":null,"magnitude":1.3,"depth_km":160.2,"rep_point":[-152.431,60.196]}},{"type":"Feature","geometry":{"type":"Point","coordinates":[-155.247665405273,19.3841667175293]},"properties":{"id":"usgs:hv75049612","source":"USGS","category":"earthquake","event_type":"Earthquake","severity":"unknown","title":"M 1.8 - 6 km SSW of Volcano, Hawaii","description":"6 km SSW of Volcano, Hawaii","instruction":"","area":"6 km SSW of Volcano, Hawaii","url":"https://earthquake.usgs.gov/earthquakes/eventpage/hv75049612","sender":"USGS","started_at":"2026-10-04T10:43:17.730000+00:00","ended_at":null,"magnitude":1.77,"depth_km":44.0499992370605,"rep_point":[-155.247665405273,19.3841667175293]}},{"type":"Feature","geometry":{"type":"Point","coordinates":[-117.675,35.9191666666667]},"properties":{"id":"usgs:ci41342959","source":"USGS","category":"earthquake","event_type":"Earthquake","severity":"unknown","title":"M 0.7 - 21 km E of Little Lake, CA","description":"21 km E of Little Lake, CA","instruction":"","area":"21 km E of Little Lake, CA","url":"https://earthquake.usgs.gov/earthquakes/eventpage/ci41342959","sender":"USGS","started_at":"2026-10-04T10:40:06.460000+00:00","ended_at":null,"magnitude":0.68,"depth_km":8.2,"rep_point":[-117.675,35.9191666666667]}},{"type":"Feature","geometry":{"type":"Point","coordinates":[-155.227996826172,19.388334274292]},"properties":{"id":"usgs:hv75049607","source":"USGS","category":"earthquake","event_type":"Earthquake","severity":"unknown","title":"M 2.1 - 6 km S of Volcano, Hawaii","description":"6 km S of Volcano, Hawaii","instruction":"","area":"6 km S of Volcano, Hawaii","url":"https://earthquake.usgs.gov/earthquakes/eventpage/hv75049607","sender":"USGS","started_at":"2026-10-04T10:33:19.330000+00:00","ended_at":null,"magnitude":2.06,"depth_km":35.9900016784668,"rep_point":[-155.227996826172,19.388334274292]}},{"type":"Feature","geometry":{"type":"Point","coordinates":[-116.786666666667,33.679]},"properties":{"id":"usgs:ci41342951","source":"USGS","category":"earthquake","event_type":"Earthquake","severity":"unknown","title":"M 1.0 - 9 km SW of Idyllwild, CA","description":"9 km SW of Idyllwild, CA","instruction":"","area":"9 km SW of Idyllwild, CA","url":"https://earthquake.usgs.gov/earthquakes/eventpage/ci41342951","sender":"USGS","started_at":"2026-10-04T10:03:29.700000+00:00","ended_at":null,"magnitude":1.03,"depth_km":15.96,"rep_point":[-116.786666666667,33.679]}},{"type":"Feature","geometry":{"type":"Point","coordinates":[-117.795833333333,35.318]},"properties":{"id":"usgs:ci41342943","source":"USGS","category":"earthquake","event_type":"Earthquake","severity":"unknown","title":"M 0.8 - 16 km WSW of Johannesburg, CA","description":"16 km WSW of Johannesburg, CA","instruction":"","area":"16 km WSW of Johannesburg, CA","url":"https://earthquake.usgs.gov/earthquakes/eventpage/ci41342943","sender":"USGS","started_at":"2026-10-04T09:56:40.970000+00:00","ended_at":null,"magnitude":0.81,"depth_km":6.87,"rep_point":[-117.795833333333,35.318]}},{"type":"Feature","geometry":{"type":"Point","coordinates":[-117.806166666667,35.3238333333333]},"properties":{"id":"usgs:ci10255942","source":"USGS","category":"earthquake","event_type":"Earthquake","severity":"unknown","title":"M 0.7 - 16 km WSW of Johannesburg, CA","description":"16 km WSW of Johannesburg, CA","instruction":"","area":"16 km WSW of Johannesburg, CA","url":"https://earthquake.usgs.gov/earthquakes/eventpage/ci10255942","sender":"USGS","started_at":"2026-10-04T09:56:12.600000+00:00","ended_at":null,"magnitude":0.71,"depth_km":4.92,"rep_point":[-117.806166666667,35.3238333333333]}},{"type":"Feature","geometry":{"type":"Point","coordinates":[-122.15283203125,37.2949981689453]},"properties":{"id":"usgs:nc75444101","source":"USGS","category":"earthquake","event_type":"Earthquake","severity":"unknown","title":"M 1.2 - 8 km SW of Loyola, CA","description":"8 km SW of Loyola, CA","instruction":"","area":"8 km SW of Loyola, CA","url":"https://earthquake.usgs.gov/earthquakes/eventpage/nc75444101","sender":"USGS","started_at":"2026-10-04T09:48:27.540000+00:00","ended_at":null,"magnitude":1.15,"depth_km":6.96000003814697,"rep_point":[-122.15283203125,37.2949981689453]}},{"type":"Feature","geometry":{"type":"Point","coordinates":[-116.785,33.9888333333333]},"properties":{"id":"usgs:ci10255926","source":"USGS","category":"earthquake","event_type":"Earthquake","severity":"unknown","title":"M 0.2 - 8 km N of Cabazon, CA","description":"8 km N of Cabazon, CA","instruction":"","area":"8 km N of Cabazon, CA","url":"https://earthquake.usgs.gov/earthquakes/eventpage/ci10255926","sender":"USGS","started_at":"2026-10-04T09:47:41.790000+00:00","ended_at":null,"magnitude":0.17,"depth_km":17.79,"rep_point":[-116.785,33.9888333333333]}},{"type":"Feature","geometry":{"type":"Point","coordinates":[-116.733,33.7031666666667]},"properties":{"id":"usgs:ci41342935","source":"USGS","category":"earthquake","event_type":"Earthquake","severity":"unknown","title":"M 0.2 - 4 km SSW of Idyllwild, CA","description":"4 km SSW of Idyllwild, CA","instruction":"","area":"4 km SSW of Idyllwild, CA","url":"https://earthquake.usgs.gov/earthquakes/eventpage/ci41342935","sender":"USGS","started_at":"2026-10-04T09:47:08.620000+00:00","ended_at":null,"magnitude":0.18,"depth_km":16.66,"rep_point":[-116.733,33.7031666666667]}},{"type":"Feature","geometry":{"type":"Point","coordinates":[-117.849666666667,34.1008333333333]},"properties":{"id":"usgs:ci41342927","source":"USGS","category":"earthquake","event_type":"Earthquake","severity":"unknown","title":"M 0.9 - 0 km SW of Charter Oak, CA","description":"0 km SW of Charter Oak, CA","instruction":"","area":"0 km SW of Charter Oak, CA","url":"https://earthquake.usgs.gov/earthquakes/eventpage/ci41342927","sender":"USGS","started_at":"2026-10-04T09:41:23.570000+00:00","ended_at":null,"magnitude":0.89,"depth_km":2.8,"rep_point":[-117.849666666667,34.1008333333333]}},{"type":"Feature","geometry":{"type":"Point","coordinates":[-122.816833496094,38.8301658630371]},"properties":{"id":"usgs:nc75444096","source":"USGS","category":"earthquake","event_type":"Earthquake","severity":"unknown","title":"M 1.1 - 8 km NW of The Geysers, CA","description":"8 km NW of The Geysers, CA","instruction":"","area":"8 km NW of The Geysers, CA","url":"https://earthquake.usgs.gov/earthquakes/eventpage/nc75444096","sender":"USGS","started_at":"2026-10-04T09:38:59.330000+00:00","ended_at":null,"magnitude":1.08,"depth_km":1.82000005245209,"rep_point":[-122.816833496094,38.8301658630371]}},{"type":"Feature","geometry":{"type":"Point","coordinates":[-122.856002807617,38.8278350830078]},"properties":{"id":"usgs:nc75444091","source":"USGS","category":"earthquake","event_type":"Earthquake","severity":"unknown","title":"M 0.8 - 10 km WNW of The Geysers, CA","description":"10 km WNW of The Geysers, CA","instruction":"","area":"10 km WNW of The Geysers, CA","url":"https://earthquake.usgs.gov/earthquakes/eventpage/nc75444091","sender":"USGS","started_at":"2026-10-04T09:29:26.370000+00:00","ended_at":null,"magnitude":0.77,"depth_km":2.23000001907349,"rep_point":[-122.856002807617,38.8278350830078]}},{"type":"Feature","geometry":{"type":"Point","coordinates":[-155.335,58.177]},"properties":{"id":"usgs:aka2026tqmyqj","source":"USGS","category":"earthquake","event_type":"Earthquake","severity":"unknown","title":"M 0.8 - 85 km NW of Karluk, Alaska","description":"85 km NW of Karluk, Alaska","instruction":"","area":"85 km NW of Karluk, Alaska","url":"https://earthquake.usgs.gov/earthquakes/eventpage/aka2026tqmyqj","sender":"USGS","started_at":"2026-10-04T09:27:10.617000+00:00","ended_at":null,"magnitude":0.8,"depth_km":5,"rep_point":[-155.335,58.177]}},{"type":"Feature","geometry":{"type":"Point","coordinates":[-157.345,67.4]},"properties":{"id":"usgs:aka2026tqmmzk","source":"USGS","category":"earthquake","event_type":"Earthquake","severity":"unknown","title":"M 2.9 - 41 km NNE of Ambler, Alaska","description":"41 km NNE of Ambler, Alaska","instruction":"","area":"41 km NNE of Ambler, Alaska","url":"https://earthquake.usgs.gov/earthquakes/eventpage/aka2026tqmmzk","sender":"USGS","started_at":"2026-10-04T09:13:45.974000+00:00","ended_at":null,"magnitude":2.9,"depth_km":0.8,"rep_point":[-157.345,67.4]}},{"type":"Feature","geometry":{"type":"Point","coordinates":[-154.923,57.565]},"properties":{"id":"usgs:aka2026tqmdoc","source":"USGS","category":"earthquake","event_type":"Earthquake","severity":"unknown","title":"M 1.8 - 28 km W of Karluk, Alaska","description":"28 km W of Karluk, Alaska","instruction":"","area":"28 km W of Karluk, Alaska","url":"https://earthquake.usgs.gov/earthquakes/eventpage/aka2026tqmdoc","sender":"USGS","started_at":"2026-10-04T09:02:51.650000+00:00","ended_at":null,"magnitude":1.8,"depth_km":66.1,"rep_point":[-154.923,57.565]}},{"type":"Feature","geometry":{"type":"Point","coordinates":[-116.762333333333,33.5808333333333]},"properties":{"id":"usgs:ci41342919","source":"USGS","category":"earthquake","event_type":"Earthquake","severity":"unknown","title":"M 0.6 - 9 km WNW of Anza, CA","description":"9 km WNW of Anza, CA","instruction":"","area":"9 km WNW of Anza, CA","url":"https://earthquake.usgs.gov/earthquakes/eventpage/ci41342919","sender":"USGS","started_at":"2026-10-04T08:59:31.620000+00:00","ended_at":null,"magnitude":0.64,"depth_km":12.08,"rep_point":[-116.762333333333,33.5808333333333]}},{"type":"Feature","geometry":{"type":"Point","coordinates":[-68.4311,18.5571]},"properties":{"id":"usgs:pr2026277001","source":"USGS","category":"earthquake","event_type":"Earthquake","severity":"minor","title":"M 4.0 - 3 km SW of Punta Cana, Dominican Republic","description":"3 km SW of Punta Cana, Dominican Republic","instruction":"","area":"3 km SW of Punta Cana, Dominican Republic","url":"https://earthquake.usgs.gov/earthquakes/eventpage/pr2026277001","sender":"USGS","started_at":"2026-10-04T08:59:26.420000+00:00","ended_at":null,"magnitude":3.99,"depth_km":141,"rep_point":[-68.4311,18.5571]}},{"type":"Feature","geometry":{"type":"Point","coordinates":[-147.787,63.73]},"properties":{"id":"usgs:aka2026tqlyjl","source":"USGS","category":"earthquake","event_type":"Earthquake","severity":"unknown","title":"M 1.8 - 55 km E of Denali Park, Alaska","description":"55 km E of Denali Park, Alaska","instruction":"","area":"55 km E of Denali Park, Alaska","url":"https://earthquake.usgs.gov/earthquakes/eventpage/aka2026tqlyjl","sender":"USGS","started_at":"2026-10-04T08:56:52.956000+00:00","ended_at":null,"magnitude":1.8,"depth_km":5,"rep_point":[-147.787,63.73]}},{"type":"Feature","geometry":{"type":"Point","coordinates":[-147.16,64.518]},"properties":{"id":"usgs:aka2026tqluma","source":"USGS","category":"earthquake","event_type":"Earthquake","severity":"unknown","title":"M 1.5 - 12 km W of Salcha, Alaska","description":"12 km W of Salcha, Alaska","instruction":"","area":"12 km W of Salcha, Alaska","url":"https://earthquake.usgs.gov/earthquakes/eventpage/aka2026tqluma","sender":"USGS","started_at":"2026-10-04T08:52:22.991000+00:00","ended_at":null,"magnitude":1.5,"depth_km":10.3,"rep_point":[-147.16,64.518]}},{"type":"Feature","geometry":{"type":"Point","coordinates":[-116.759,33.5838333333333]},"properties":{"id":"usgs:ci41342911","source":"USGS","category":"earthquake","event_type":"Earthquake","severity":"unknown","title":"M 0.4 - 9 km WNW of Anza, CA","description":"9 km WNW of Anza, CA","instruction":"","area":"9 km WNW of Anza, CA","url":"https://earthquake.usgs.gov/earthquakes/eventpage/ci41342911","sender":"USGS","started_at":"2026-10-04T08:52:15.330000+00:00","ended_at":null,"magnitude":0.36,"depth_km":12.6,"rep_point":[-116.759,33.5838333333333]}},{"type":"Feature","geometry":{"type":"Point","coordinates":[-120.331832885742,36.1111679077148]},"properties":{"id":"usgs:nc75444081","source":"USGS","category":"earthquake","event_type":"Earthquake","severity":"unknown","title":"M 2.3 - 4 km SE of Coalinga, CA","description":"4 km SE of Coalinga, CA","instruction":"","area":"4 km SE of Coalinga, CA","url":"https://earthquake.usgs.gov/earthquakes/eventpage/nc75444081","sender":"USGS","started_at":"2026-10-04T08:44:08.470000+00:00","ended_at":null,"magnitude":2.32,"depth_km":12.1599998474121,"rep_point":[-120.331832885742,36.1111679077148]}},{"type":"Feature","geometry":{"type":"Point","coordinates":[-117.796,35.3115]},"properties":{"id":"usgs:ci41342895","source":"USGS","category":"earthquake","event_type":"Earthquake","severity":"unknown","title":"M 0.6 - 16 km WSW of Johannesburg, CA","description":"16 km WSW of Johannesburg, CA","instruction":"","area":"16 km WSW of Johannesburg, CA","url":"https://earthquake.usgs.gov/earthquakes/eventpage/ci41342895","sender":"USGS","started_at":"2026-10-04T08:39:03.690000+00:00","ended_at":null,"magnitude":0.62,"depth_km":6.23,"rep_point":[-117.796,35.3115]}},{"type":"Feature","geometry":{"type":"Point","coordinates":[-117.793833333333,35.3118333333333]},"properties":{"id":"usgs:ci41342887","source":"USGS","category":"earthquake","event_type":"Earthquake","severity":"unknown","title":"M 1.0 - 16 km WSW of Johannesburg, CA","description":"16 km WSW of Johannesburg, CA","instruction":"","area":"16 km WSW of Johannesburg, CA","url":"https://earthquake.usgs.gov/earthquakes/eventpage/ci41342887","sender":"USGS","started_at":"2026-10-04T08:29:08+00:00","ended_at":null,"magnitude":1.04,"depth_km":6.58,"rep_point":[-117.793833333333,35.3118333333333]}},{"type":"Feature","geometry":{"type":"Point","coordinates":[-119.54,34.6626666666667]},"properties":{"id":"usgs:ci41342879","source":"USGS","category":"earthquake","event_type":"Earthquake","severity":"unknown","title":"M 1.2 - 27 km NNE of Montecito, CA","description":"27 km NNE of Montecito, CA","instruction":"","area":"27 km NNE of Montecito, CA","url":"https://earthquake.usgs.gov/earthquakes/eventpage/ci41342879","sender":"USGS","started_at":"2026-10-04T08:24:03.890000+00:00","ended_at":null,"magnitude":1.16,"depth_km":3.62,"rep_point":[-119.54,34.6626666666667]}},{"type":"Feature","geometry":{"type":"Point","coordinates":[-152.831,61.789]},"properties":{"id":"usgs:aka2026tqkveh","source":"USGS","category":"earthquake","event_type":"Earthquake","severity":"unknown","title":"M 1.6 - 78 km WSW of Skwentna, Alaska","description":"78 km WSW of Skwentna, Alaska","instruction":"","area":"78 km WSW of Skwentna, Alaska","url":"https://earthquake.usgs.gov/earthquakes/eventpage/aka2026tqkveh","sender":"USGS","started_at":"2026-10-04T08:23:12.620000+00:00","ended_at":null,"magnitude":1.6,"depth_km":48,"rep_point":[-152.831,61.789]}},{"type":"Feature","geometry":{"type":"Point","coordinates":[-120.114833333333,47.6698333333333]},"properties":{"id":"usgs:uw714115541","source":"USGS","category":"earthquake","event_type":"Earthquake","severity":"unknown","title":"M 2.3 - 4 km NW of Waterville, Washington","description":"4 km NW of Waterville, Washington","instruction":"","area":"4 km NW of Waterville, Washington","url":"https://earthquake.usgs.gov/earthquakes/eventpage/uw714115541","sender":"USGS","started_at":"2026-10-04T08:09:42.490000+00:00","ended_at":null,"magnitude":2.27,"depth_km":4.2,"rep_point":[-120.114833333333,47.6698333333333]}},{"type":"Feature","geometry":{"type":"Point","coordinates":[-66.9301666666667,17.9385]},"properties":{"id":"usgs:pr71535673","source":"USGS","category":"earthquake","event_type":"Earthquake","severity":"unknown","title":"M 2.2 - 4 km SSW of Gu\u00e1nica, Puerto Rico","description":"4 km SSW of Gu\u00e1nica, Puerto Rico","instruction":"","area":"4 km SSW of Gu\u00e1nica, Puerto Rico","url":"https://earthquake.usgs.gov/earthquakes/eventpage/pr71535673","sender":"USGS","started_at":"2026-10-04T08:08:16.450000+00:00","ended_at":null,"magnitude":2.17,"depth_km":9.47,"rep_point":[-66.9301666666667,17.9385]}},{"type":"Feature","geometry":{"type":"Point","coordinates":[-152.004,60.332]},"properties":{"id":"usgs:aka2026tqkhwp","source":"USGS","category":"earthquake","event_type":"Earthquake","severity":"unknown","title":"M 1.6 - 35 km WNW of Clam Gulch, Alaska","description":"35 km WNW of Clam Gulch, Alaska","instruction":"","area":"35 km WNW of Clam Gulch, Alaska","url":"https://earthquake.usgs.gov/earthquakes/eventpage/aka2026tqkhwp","sender":"USGS","started_at":"2026-10-04T08:08:09.628000+00:00","ended_at":null,"magnitude":1.6,"depth_km":87.3,"rep_point":[-152.004,60.332]}},{"type":"Feature","geometry":{"type":"Point","coordinates":[-116.699833333333,33.9988333333333]},"properties":{"id":"usgs:ci41342871","source":"USGS","category":"earthquake","event_type":"Earthquake","severity":"unknown","title":"M 0.5 - 12 km NE of Cabazon, CA","description":"12 km NE of Cabazon, CA","instruction":"","area":"12 km NE of Cabazon, CA","url":"https://earthquake.usgs.gov/earthquakes/eventpage/ci41342871","sender":"USGS","started_at":"2026-10-04T08:06:53.260000+00:00","ended_at":null,"magnitude":0.53,"depth_km":11.6,"rep_point":[-116.699833333333,33.9988333333333]}},{"type":"Feature","geometry":{"type":"Point","coordinates":[-147.776,63.726]},"properties":{"id":"usgs:aka2026tqjvwk","source":"USGS","category":"earthquake","event_type":"Earthquake","severity":"unknown","title":"M 1.9 - 56 km E of Denali Park, Alaska","description":"56 km E of Denali Park, Alaska","instruction":"","area":"56 km E of Denali Park, Alaska","url":"https://earthquake.usgs.gov/earthquakes/eventpage/aka2026tqjvwk","sender":"USGS","started_at":"2026-10-04T07:54:01.630000+00:00","ended_at":null,"magnitude":1.9,"depth_km":0.6,"rep_point":[-147.776,63.726]}},{"type":"Feature","geometry":{"type":"Point","coordinates":[-117.797166666667,35.3133333333333]},"properties":{"id":"usgs:ci41342863","source":"USGS","category":"earthquake","event_type":"Earthquake","severity":"unknown","title":"M 0.7 - 16 km WSW of Johannesburg, CA","description":"16 km WSW of Johannesburg, CA","instruction":"","area":"16 km WSW of Johannesburg, CA","url":"https://earthquake.usgs.gov/earthquakes/eventpage/ci41342863","sender":"USGS","started_at":"2026-10-04T07:26:36.850000+00:00","ended_at":null,"magnitude":0.67,"depth_km":6.22,"rep_point":[-117.797166666667,35.3133333333333]}},{"type":"Feature","geometry":{"type":"Point","coordinates":[-121.171165466309,40.2278327941895]},"properties":{"id":"usgs:nc75444061","source":"USGS","category":"earthquake","event_type":"Earthquake","severity":"unknown","title":"M 2.3 - 1 km NNE of Almanor, CA","description":"1 km NNE of Almanor, CA","instruction":"","area":"1 km NNE of Almanor, CA","url":"https://earthquake.usgs.gov/earthquakes/eventpage/nc75444061","sender":"USGS","started_at":"2026-10-04T07:23:50.630000+00:00","ended_at":null,"magnitude":2.3,"depth_km":5.53999996185303,"rep_point":[-121.171165466309,40.2278327941895]}},{"type":"Feature","geometry":{"type":"Point","coordinates":[-118.084666666667,34.0295]},"properties":{"id":"usgs:ci41342855","source":"USGS","category":"earthquake","event_type":"Earthquake","severity":"unknown","title":"M 1.0 - 3 km NE of Montebello, CA","description":"3 km NE of Montebello, CA","instruction":"","area":"3 km NE of Montebello, CA","url":"https://earthquake.usgs.gov/earthquakes/eventpage/ci41342855","sender":"USGS","started_at":"2026-10-04T07:20:09.650000+00:00","ended_at":null,"magnitude":0.95,"depth_km":16.78,"rep_point":[-118.084666666667,34.0295]}},{"type":"Feature","geometry":{"type":"Point","coordinates":[-117.867333333333,36.1045]},"properties":{"id":"usgs:ci41342847","source":"USGS","category":"earthquake","event_type":"Earthquake","severity":"unknown","title":"M 0.7 - 10 km NE of Coso Junction, CA","description":"10 km NE of Coso Junction, CA","instruction":"","area":"10 km NE of Coso Junction, CA","url":"https://earthquake.usgs.gov/earthquakes/eventpage/ci41342847","sender":"USGS","started_at":"2026-10-04T07:16:23.720000+00:00","ended_at":null,"magnitude":0.68,"depth_km":1.44,"rep_point":[-117.867333333333,36.1045]}},{"type":"Feature","geometry":{"type":"Point","coordinates":[-147.215,61.178]},"properties":{"id":"usgs:aka2026tqioyb","source":"USGS","category":"earthquake","event_type":"Earthquake","severity":"unknown","title":"M 2.0 - 45 km NW of Tatitlek, Alaska","description":"45 km NW of Tatitlek, Alaska","instruction":"","area":"45 km NW of Tatitlek, Alaska","url":"https://earthquake.usgs.gov/earthquakes/eventpage/aka2026tqioyb","sender":"USGS","started_at":"2026-10-04T07:16:02.349000+00:00","ended_at":null,"magnitude":2,"depth_km":33.1,"rep_point":[-147.215,61.178]}},{"type":"Feature","geometry":{"type":"Point","coordinates":[-118.4015,35.5178333333333]},"properties":{"id":"usgs:ci41342839","source":"USGS","category":"earthquake","event_type":"Earthquake","severity":"unknown","title":"M 0.7 - 11 km SE of Bodfish, CA","description":"11 km SE of Bodfish, CA","instruction":"","area":"11 km SE of Bodfish, CA","url":"https://earthquake.usgs.gov/earthquakes/eventpage/ci41342839","sender":"USGS","started_at":"2026-10-04T07:14:00.590000+00:00","ended_at":null,"magnitude":0.72,"depth_km":3.48,"rep_point":[-118.4015,35.5178333333333]}},{"type":"Feature","geometry":{"type":"Point","coordinates":[-122.822334289551,38.8653335571289]},"properties":{"id":"usgs:nc75444051","source":"USGS","category":"earthquake","event_type":"Earthquake","severity":"unknown","title":"M 1.6 - 10 km WNW of Cobb, CA","description":"10 km WNW of Cobb, CA","instruction":"","area":"10 km WNW of Cobb, CA","url":"https://earthquake.usgs.gov/earthquakes/eventpage/nc75444051","sender":"USGS","started_at":"2026-10-04T07:11:17+00:00","ended_at":null,"magnitude":1.55,"depth_km":1.4099999666214,"rep_point":[-122.822334289551,38.8653335571289]}},{"type":"Feature","geometry":{"type":"Point","coordinates":[-116.759833333333,33.5855]},"properties":{"id":"usgs:ci41342831","source":"USGS","category":"earthquake","event_type":"Earthquake","severity":"unknown","title":"M 0.3 - 9 km WNW of Anza, CA","description":"9 km WNW of Anza, CA","instruction":"","area":"9 km WNW of Anza, CA","url":"https://earthquake.usgs.gov/earthquakes/eventpage/ci41342831","sender":"USGS","started_at":"2026-10-04T07:08:54.990000+00:00","ended_at":null,"magnitude":0.26,"depth_km":11.61,"rep_point":[-116.759833333333,33.5855]}},{"type":"Feature","geometry":{"type":"Point","coordinates":[-122.835334777832,38.8375015258789]},"properties":{"id":"usgs:nc75444046","source":"USGS","category":"earthquake","event_type":"Earthquake","severity":"unknown","title":"M 0.7 - 10 km NW of The Geysers, CA","description":"10 km NW of The Geysers, CA","instruction":"","area":"10 km NW of The Geysers, CA","url":"https://earthquake.usgs.gov/earthquakes/eventpage/nc75444046","sender":"USGS","started_at":"2026-10-04T06:55:01.490000+00:00","ended_at":null,"magnitude":0.72,"depth_km":1.51999998092651,"rep_point":[-122.835334777832,38.8375015258789]}},{"type":"Feature","geometry":{"type":"Point","coordinates":[-152.242,61.278]},"properties":{"id":"usgs:aka2026tqhrkm","source":"USGS","category":"earthquake","event_type":"Earthquake","severity":"unknown","title":"M 2.1 - 63 km WNW of Tyonek, Alaska","description":"63 km WNW of Tyonek, Alaska","instruction":"","area":"63 km WNW of Tyonek, Alaska","url":"https://earthquake.usgs.gov/earthquakes/eventpage/aka2026tqhrkm","sender":"USGS","started_at":"2026-10-04T06:48:54.740000+00:00","ended_at":null,"magnitude":2.1,"depth_km":5,"rep_point":[-152.242,61.278]}},{"type":"Feature","geometry":{"type":"Point","coordinates":[-115.2641,38.9135]},"properties":{"id":"usgs:nn00925245","source":"USGS","category":"earthquake","event_type":"Earthquake","severity":"unknown","title":"M 2.2 - 17 km W of Preston, Nevada","description":"17 km W of Preston, Nevada","instruction":"","area":"17 km W of Preston, Nevada","url":"https://earthquake.usgs.gov/earthquakes/eventpage/nn00925245","sender":"USGS","started_at":"2026-10-04T06:34:52.133000+00:00","ended_at":null,"magnitude":2.17,"depth_km":15.8406,"rep_point":[-115.2641,38.9135]}},{"type":"Feature","geometry":{"type":"Point","coordinates":[-117.801833333333,35.314]},"properties":{"id":"usgs:ci41342823","source":"USGS","category":"earthquake","event_type":"Earthquake","severity":"unknown","title":"M 1.8 - 17 km WSW of Johannesburg, CA","description":"17 km WSW of Johannesburg, CA","instruction":"","area":"17 km WSW of Johannesburg, CA","url":"https://earthquake.usgs.gov/earthquakes/eventpage/ci41342823","sender":"USGS","started_at":"2026-10-04T06:30:43.240000+00:00","ended_at":null,"magnitude":1.84,"depth_km":6,"rep_point":[-117.801833333333,35.314]}},{"type":"Feature","geometry":{"type":"Point","coordinates":[-155.413833618164,19.3735008239746]},"properties":{"id":"usgs:hv75049457","source":"USGS","category":"earthquake","event_type":"Earthquake","severity":"unknown","title":"M 1.9 - 20 km NNE of P\u0101hala, Hawaii","description":"20 km NNE of P\u0101hala, Hawaii","instruction":"","area":"20 km NNE of P\u0101hala, Hawaii","url":"https://earthquake.usgs.gov/earthquakes/eventpage/hv75049457","sender":"USGS","started_at":"2026-10-04T06:08:16.110000+00:00","ended_at":null,"magnitude":1.92,"depth_km":8.14999961853027,"rep_point":[-155.413833618164,19.3735008239746]}},{"type":"Feature","geometry":{"type":"Point","coordinates":[-155.483001708984,19.191333770752]},"properties":{"id":"usgs:hv75049452","source":"USGS","category":"earthquake","event_type":"Earthquake","severity":"unknown","title":"M 2.0 - 1 km SSW of P\u0101hala, Hawaii","description":"1 km SSW of P\u0101hala, Hawaii","instruction":"","area":"1 km SSW of P\u0101hala, Hawaii","url":"https://earthquake.usgs.gov/earthquakes/eventpage/hv75049452","sender":"USGS","started_at":"2026-10-04T06:06:42.980000+00:00","ended_at":null,"magnitude":2.02,"depth_km":31.3600006103516,"rep_point":[-155.483001708984,19.191333770752]}},{"type":"Feature","geometry":{"type":"Point","coordinates":[-155.143,58.252]},"properties":{"id":"usgs:aka2026tqfzpp","source":"USGS","category":"earthquake","event_type":"Earthquake","severity":"unknown","title":"M 0.8 - 86 km NNW of Karluk, Alaska","description":"86 km NNW of Karluk, Alaska","instruction":"","area":"86 km NNW of Karluk, Alaska","url":"https://earthquake.usgs.gov/earthquakes/eventpage/aka2026tqfzpp","sender":"USGS","started_at":"2026-10-04T05:58:23.340000+00:00","ended_at":null,"magnitude":0.8,"depth_km":5,"rep_point":[-155.143,58.252]}},{"type":"Feature","geometry":{"type":"Point","coordinates":[-122.807998657227,38.8216667175293]},"properties":{"id":"usgs:nc75444026","source":"USGS","category":"earthquake","event_type":"Earthquake","severity":"unknown","title":"M 0.7 - 7 km NW of The Geysers, CA","description":"7 km NW of The Geysers, CA","instruction":"","area":"7 km NW of The Geysers, CA","url":"https://earthquake.usgs.gov/earthquakes/eventpage/nc75444026","sender":"USGS","started_at":"2026-10-04T05:48:03.050000+00:00","ended_at":null,"magnitude":0.71,"depth_km":2.02999997138977,"rep_point":[-122.807998657227,38.8216667175293]}},{"type":"Feature","geometry":{"type":"Point","coordinates":[-122.74649810791,38.7803344726562]},"properties":{"id":"usgs:nc75444021","source":"USGS","category":"earthquake","event_type":"Earthquake","severity":"unknown","title":"M 1.1 - 1 km ENE of The Geysers, CA","description":"1 km ENE of The Geysers, CA","instruction":"","area":"1 km ENE of The Geysers, CA","url":"https://earthquake.usgs.gov/earthquakes/eventpage/nc75444021","sender":"USGS","started_at":"2026-10-04T05:46:12.870000+00:00","ended_at":null,"magnitude":1.06,"depth_km":-0.0299999993294477,"rep_point":[-122.74649810791,38.7803344726562]}},{"type":"Feature","geometry":{"type":"Point","coordinates":[-147.136,60.956]},"properties":{"id":"usgs:aka2026tqezfn","source":"USGS","category":"earthquake","event_type":"Earthquake","severity":"unknown","title":"M 2.0 - 26 km WNW of Tatitlek, Alaska","description":"26 km WNW of Tatitlek, Alaska","instruction":"","area":"26 km WNW of Tatitlek, Alaska","url":"https://earthquake.usgs.gov/earthquakes/eventpage/aka2026tqezfn","sender":"USGS","started_at":"2026-10-04T05:27:58.307000+00:00","ended_at":null,"magnitude":2,"depth_km":19.6,"rep_point":[-147.136,60.956]}},{"type":"Feature","geometry":{"type":"Point","coordinates":[-66.9406666666667,17.937]},"properties":{"id":"usgs:pr71535653","source":"USGS","category":"earthquake","event_type":"Earthquake","severity":"unknown","title":"M 2.2 - 5 km SW of Gu\u00e1nica, Puerto Rico","description":"5 km SW of Gu\u00e1nica, Puerto Rico","instruction":"","area":"5 km SW of Gu\u00e1nica, Puerto Rico","url":"https://earthquake.usgs.gov/earthquakes/eventpage/pr71535653","sender":"USGS","started_at":"2026-10-04T05:20:50.830000+00:00","ended_at":null,"magnitude":2.19,"depth_km":7.58,"rep_point":[-66.9406666666667,17.937]}},{"type":"Feature","geometry":{"type":"Point","coordinates":[-116.706,33.5361666666667]},"properties":{"id":"usgs:ci41342815","source":"USGS","category":"earthquake","event_type":"Earthquake","severity":"unknown","title":"M 0.0 - 4 km SW of Anza, CA","description":"4 km SW of Anza, CA","instruction":"","area":"4 km SW of Anza, CA","url":"https://earthquake.usgs.gov/earthquakes/eventpage/ci41342815","sender":"USGS","started_at":"2026-10-04T05:20:26.720000+00:00","ended_at":null,"magnitude":0.02,"depth_km":6.69,"rep_point":[-116.706,33.5361666666667]}},{"type":"Feature","geometry":{"type":"Point","coordinates":[-117.592333333333,35.9748333333333]},"properties":{"id":"usgs:ci41342807","source":"USGS","category":"earthquake","event_type":"Earthquake","severity":"unknown","title":"M 0.9 - 29 km E of Little Lake, CA","description":"29 km E of Little Lake, CA","instruction":"","area":"29 km E of Little Lake, CA","url":"https://earthquake.usgs.gov/earthquakes/eventpage/ci41342807","sender":"USGS","started_at":"2026-10-04T05:18:45.510000+00:00","ended_at":null,"magnitude":0.9,"depth_km":4.6,"rep_point":[-117.592333333333,35.9748333333333]}},{"type":"Feature","geometry":{"type":"Point","coordinates":[-155.374328613281,19.0305004119873]},"properties":{"id":"usgs:hv75049417","source":"USGS","category":"earthquake","event_type":"Earthquake","severity":"unknown","title":"M 1.8 - 22 km E of Naalehu, Hawaii","description":"22 km E of Naalehu, Hawaii","instruction":"","area":"22 km E of Naalehu, Hawaii","url":"https://earthquake.usgs.gov/earthquakes/eventpage/hv75049417","sender":"USGS","started_at":"2026-10-04T05:15:32.630000+00:00","ended_at":null,"magnitude":1.82,"depth_km":28.9500007629395,"rep_point":[-155.374328613281,19.0305004119873]}},{"type":"Feature","geometry":{"type":"Point","coordinates":[-122.810668945312,38.8221664428711]},"properties":{"id":"usgs:nc75444006","source":"USGS","category":"earthquake","event_type":"Earthquake","severity":"unknown","title":"M 0.8 - 7 km NW of The Geysers, CA","description":"7 km NW of The Geysers, CA","instruction":"","area":"7 km NW of The Geysers, CA","url":"https://earthquake.usgs.gov/earthquakes/eventpage/nc75444006","sender":"USGS","started_at":"2026-10-04T05:14:06.760000+00:00","ended_at":null,"magnitude":0.77,"depth_km":2.79999995231628,"rep_point":[-122.810668945312,38.8221664428711]}},{"type":"Feature","geometry":{"type":"Point","coordinates":[-116.490833333333,32.9745]},"properties":{"id":"usgs:ci41342799","source":"USGS","category":"earthquake","event_type":"Earthquake","severity":"unknown","title":"M 0.9 - 16 km SE of Julian, CA","description":"16 km SE of Julian, CA","instruction":"","area":"16 km SE of Julian, CA","url":"https://earthquake.usgs.gov/earthquakes/eventpage/ci41342799","sender":"USGS","started_at":"2026-10-04T05:11:55.430000+00:00","ended_at":null,"magnitude":0.86,"depth_km":9.34,"rep_point":[-116.490833333333,32.9745]}},{"type":"Feature","geometry":{"type":"Point","coordinates":[-117.592666666667,35.9731666666667]},"properties":{"id":"usgs:ci41342791","source":"USGS","category":"earthquake","event_type":"Earthquake","severity":"unknown","title":"M 0.6 - 29 km NW of Searles Valley, CA","description":"29 km NW of Searles Valley, CA","instruction":"","area":"29 km NW of Searles Valley, CA","url":"https://earthquake.usgs.gov/earthquakes/eventpage/ci41342791","sender":"USGS","started_at":"2026-10-04T05:10:29.400000+00:00","ended_at":null,"magnitude":0.56,"depth_km":4.94,"rep_point":[-117.592666666667,35.9731666666667]}},{"type":"Feature","geometry":{"type":"Point","coordinates":[-155.996,57.861]},"properties":{"id":"usgs:aka2026tqeeud","source":"USGS","category":"earthquake","event_type":"Earthquake","severity":"unknown","title":"M 1.3 - 90 km ESE of Egegik, Alaska","description":"90 km ESE of Egegik, Alaska","instruction":"","area":"90 km ESE of Egegik, Alaska","url":"https://earthquake.usgs.gov/earthquakes/eventpage/aka2026tqeeud","sender":"USGS","started_at":"2026-10-04T05:04:22.545000+00:00","ended_at":null,"magnitude":1.3,"depth_km":35.4,"rep_point":[-155.996,57.861]}},{"type":"Feature","geometry":{"type":"Point","coordinates":[-121.547164916992,37.1681671142578]},"properties":{"id":"usgs:nc75443996","source":"USGS","category":"earthquake","event_type":"Earthquake","severity":"unknown","title":"M 1.5 - 10 km ENE of Morgan Hill, CA","description":"10 km ENE of Morgan Hill, CA","instruction":"","area":"10 km ENE of Morgan Hill, CA","url":"https://earthquake.usgs.gov/earthquakes/eventpage/nc75443996","sender":"USGS","started_at":"2026-10-04T04:55:46.730000+00:00","ended_at":null,"magnitude":1.49,"depth_km":6.25,"rep_point":[-121.547164916992,37.1681671142578]}},{"type":"Feature","geometry":{"type":"Point","coordinates":[-66.835,17.9505]},"properties":{"id":"usgs:pr71535648","source":"USGS","category":"earthquake","event_type":"Earthquake","severity":"unknown","title":"M 1.9 - 5 km SSW of Indios, Puerto Rico","description":"5 km SSW of Indios, Puerto Rico","instruction":"","area":"5 km SSW of Indios, Puerto Rico","url":"https://earthquake.usgs.gov/earthquakes/eventpage/pr71535648","sender":"USGS","started_at":"2026-10-04T04:47:10.830000+00:00","ended_at":null,"magnitude":1.88,"depth_km":16.01,"rep_point":[-66.835,17.9505]}},{"type":"Feature","geometry":{"type":"Point","coordinates":[-117.797166666667,35.3135]},"properties":{"id":"usgs:ci41342775","source":"USGS","category":"earthquake","event_type":"Earthquake","severity":"unknown","title":"M 2.1 - 16 km WSW of Johannesburg, CA","description":"16 km WSW of Johannesburg, CA","instruction":"","area":"16 km WSW of Johannesburg, CA","url":"https://earthquake.usgs.gov/earthquakes/eventpage/ci41342775","sender":"USGS","started_at":"2026-10-04T04:38:08.080000+00:00","ended_at":null,"magnitude":2.08,"depth_km":6.8,"rep_point":[-117.797166666667,35.3135]}},{"type":"Feature","geometry":{"type":"Point","coordinates":[-151.258,62.045]},"properties":{"id":"usgs:aka2026tqdcgd","source":"USGS","category":"earthquake","event_type":"Earthquake","severity":"unknown","title":"M 2.6 - 9 km NE of Skwentna, Alaska","description":"9 km NE of Skwentna, Alaska","instruction":"","area":"9 km NE of Skwentna, Alaska","url":"https://earthquake.usgs.gov/earthquakes/eventpage/aka2026tqdcgd","sender":"USGS","started_at":"2026-10-04T04:31:28.295000+00:00","ended_at":null,"magnitude":2.6,"depth_km":90.1,"rep_point":[-151.258,62.045]}},{"type":"Feature","geometry":{"type":"Point","coordinates":[-116.761666666667,33.6731666666667]},"properties":{"id":"usgs:ci41342767","source":"USGS","category":"earthquake","event_type":"Earthquake","severity":"unknown","title":"M 0.6 - 8 km SSW of Idyllwild, CA","description":"8 km SSW of Idyllwild, CA","instruction":"","area":"8 km SSW of Idyllwild, CA","url":"https://earthquake.usgs.gov/earthquakes/eventpage/ci41342767","sender":"USGS","started_at":"2026-10-04T04:17:02.600000+00:00","ended_at":null,"magnitude":0.59,"depth_km":12.4,"rep_point":[-116.761666666667,33.6731666666667]}},{"type":"Feature","geometry":{"type":"Point","coordinates":[-122.762496948242,38.8256683349609]},"properties":{"id":"usgs:nc75443986","source":"USGS","category":"earthquake","event_type":"Earthquake","severity":"unknown","title":"M 1.1 - 3 km W of Cobb, CA","description":"3 km W of Cobb, CA","instruction":"","area":"3 km W of Cobb, CA","url":"https://earthquake.usgs.gov/earthquakes/eventpage/nc75443986","sender":"USGS","started_at":"2026-10-04T04:14:48.250000+00:00","ended_at":null,"magnitude":1.06,"depth_km":1.62999999523163,"rep_point":[-122.762496948242,38.8256683349609]}},{"type":"Feature","geometry":{"type":"Point","coordinates":[-147.766,64.511]},"properties":{"id":"usgs:aka2026tqcmnb","source":"USGS","category":"earthquake","event_type":"Earthquake","severity":"unknown","title":"M 1.3 - 33 km S of South Van Horn, Alaska","description":"33 km S of South Van Horn, Alaska","instruction":"","area":"33 km S of South Van Horn, Alaska","url":"https://earthquake.usgs.gov/earthquakes/eventpage/aka2026tqcmnb","sender":"USGS","started_at":"2026-10-04T04:13:19.744000+00:00","ended_at":null,"magnitude":1.3,"depth_km":13,"rep_point":[-147.766,64.511]}},{"type":"Feature","geometry":{"type":"Point","coordinates":[-154.964,58.279]},"properties":{"id":"usgs:aka2026tqcipp","source":"USGS","category":"earthquake","event_type":"Earthquake","severity":"unknown","title":"M 0.7 - 84 km NNW of Karluk, Alaska","description":"84 km NNW of Karluk, Alaska","instruction":"","area":"84 km NNW of Karluk, Alaska","url":"https://earthquake.usgs.gov/earthquakes/eventpage/aka2026tqcipp","sender":"USGS","started_at":"2026-10-04T04:08:49.629000+00:00","ended_at":null,"magnitude":0.7,"depth_km":5,"rep_point":[-154.964,58.279]}},{"type":"Feature","geometry":{"type":"Point","coordinates":[-157.815,57.039]},"properties":{"id":"usgs:aka2026tqbwdz","source":"USGS","category":"earthquake","event_type":"Earthquake","severity":"unknown","title":"M 2.2 - 58 km SSW of Ugashik, Alaska","description":"58 km SSW of Ugashik, Alaska","instruction":"","area":"58 km SSW of Ugashik, Alaska","url":"https://earthquake.usgs.gov/earthquakes/eventpage/aka2026tqbwdz","sender":"USGS","started_at":"2026-10-04T03:54:31.519000+00:00","ended_at":null,"magnitude":2.2,"depth_km":4.6,"rep_point":[-157.815,57.039]}},{"type":"Feature","geometry":{"type":"Point","coordinates":[-117.792666666667,35.3093333333333]},"properties":{"id":"usgs:ci41342759","source":"USGS","category":"earthquake","event_type":"Earthquake","severity":"unknown","title":"M 0.8 - 16 km WSW of Johannesburg, CA","description":"16 km WSW of Johannesburg, CA","instruction":"","area":"16 km WSW of Johannesburg, CA","url":"https://earthquake.usgs.gov/earthquakes/eventpage/ci41342759","sender":"USGS","started_at":"2026-10-04T03:27:44.580000+00:00","ended_at":null,"magnitude":0.81,"depth_km":5.94,"rep_point":[-117.792666666667,35.3093333333333]}},{"type":"Feature","geometry":{"type":"Point","coordinates":[-117.722666666667,34.1778333333333]},"properties":{"id":"usgs:ci41342751","source":"USGS","category":"earthquake","event_type":"Earthquake","severity":"unknown","title":"M 0.7 - 9 km N of Claremont, CA","description":"9 km N of Claremont, CA","instruction":"","area":"9 km N of Claremont, CA","url":"https://earthquake.usgs.gov/earthquakes/eventpage/ci41342751","sender":"USGS","started_at":"2026-10-04T03:17:40.920000+00:00","ended_at":null,"magnitude":0.66,"depth_km":6.6,"rep_point":[-117.722666666667,34.1778333333333]}},{"type":"Feature","geometry":{"type":"Point","coordinates":[-66.9531666666667,17.9581666666667]},"properties":{"id":"usgs:pr71535643","source":"USGS","category":"earthquake","event_type":"Earthquake","severity":"unknown","title":"M 2.5 - 5 km WSW of Gu\u00e1nica, Puerto Rico","description":"5 km WSW of Gu\u00e1nica, Puerto Rico","instruction":"","area":"5 km WSW of Gu\u00e1nica, Puerto Rico","url":"https://earthquake.usgs.gov/earthquakes/eventpage/pr71535643","sender":"USGS","started_at":"2026-10-04T03:14:44.990000+00:00","ended_at":null,"magnitude":2.51,"depth_km":7.6,"rep_point":[-66.9531666666667,17.9581666666667]}},{"type":"Feature","geometry":{"type":"Point","coordinates":[-156.079,57.247]},"properties":{"id":"usgs:aka2026tqamrr","source":"USGS","category":"earthquake","event_type":"Earthquake","severity":"unknown","title":"M 1.9 - 84 km ESE of Ugashik, Alaska","description":"84 km ESE of Ugashik, Alaska","instruction":"","area":"84 km ESE of Ugashik, Alaska","url":"https://earthquake.usgs.gov/earthquakes/eventpage/aka2026tqamrr","sender":"USGS","started_at":"2026-10-04T03:13:34.296000+00:00","ended_at":null,"magnitude":1.9,"depth_km":82.1,"rep_point":[-156.079,57.247]}},{"type":"Feature","geometry":{"type":"Point","coordinates":[-155.371170043945,19.2666664123535]},"properties":{"id":"usgs:hv75049392","source":"USGS","category":"earthquake","event_type":"Earthquake","severity":"unknown","title":"M 2.1 - 13 km ENE of P\u0101hala, Hawaii","description":"13 km ENE of P\u0101hala, Hawaii","instruction":"","area":"13 km ENE of P\u0101hala, Hawaii","url":"https://earthquake.usgs.gov/earthquakes/eventpage/hv75049392","sender":"USGS","started_at":"2026-10-04T03:06:58.040000+00:00","ended_at":null,"magnitude":2.1,"depth_km":31.3099994659424,"rep_point":[-155.371170043945,19.2666664123535]}},{"type":"Feature","geometry":{"type":"Point","coordinates":[-122.774833679199,38.7953338623047]},"properties":{"id":"usgs:nc75443961","source":"USGS","category":"earthquake","event_type":"Earthquake","severity":"unknown","title":"M 1.0 - 3 km NW of The Geysers, CA","description":"3 km NW of The Geysers, CA","instruction":"","area":"3 km NW of The Geysers, CA","url":"https://earthquake.usgs.gov/earthquakes/eventpage/nc75443961","sender":"USGS","started_at":"2026-10-04T02:49:33.350000+00:00","ended_at":null,"magnitude":1.04,"depth_km":3.11999988555908,"rep_point":[-122.774833679199,38.7953338623047]}},{"type":"Feature","geometry":{"type":"Point","coordinates":[-122.808502197266,38.8325004577637]},"properties":{"id":"usgs:nc75443956","source":"USGS","category":"earthquake","event_type":"Earthquake","severity":"unknown","title":"M 1.1 - 7 km W of Cobb, CA","description":"7 km W of Cobb, CA","instruction":"","area":"7 km W of Cobb, CA","url":"https://earthquake.usgs.gov/earthquakes/eventpage/nc75443956","sender":"USGS","started_at":"2026-10-04T02:46:00.390000+00:00","ended_at":null,"magnitude":1.09,"depth_km":2.3199999332428,"rep_point":[-122.808502197266,38.8325004577637]}},{"type":"Feature","geometry":{"type":"Point","coordinates":[-152.741,59.512]},"properties":{"id":"usgs:aka2026tpzhqj","source":"USGS","category":"earthquake","event_type":"Earthquake","severity":"unknown","title":"M 2.0 - 49 km WNW of Nanwalek, Alaska","description":"49 km WNW of Nanwalek, Alaska","instruction":"","area":"49 km WNW of Nanwalek, Alaska","url":"https://earthquake.usgs.gov/earthquakes/eventpage/aka2026tpzhqj","sender":"USGS","started_at":"2026-10-04T02:37:42.089000+00:00","ended_at":null,"magnitude":2,"depth_km":79.9,"rep_point":[-152.741,59.512]}},{"type":"Feature","geometry":{"type":"Point","coordinates":[-155.295333862305,19.443000793457]},"properties":{"id":"usgs:hv75049362","source":"USGS","category":"earthquake","event_type":"Earthquake","severity":"unknown","title":"M 2.0 - 6 km W of Volcano, Hawaii","description":"6 km W of Volcano, Hawaii","instruction":"","area":"6 km W of Volcano, Hawaii","url":"https://earthquake.usgs.gov/earthquakes/eventpage/hv75049362","sender":"USGS","started_at":"2026-10-04T02:14:41.080000+00:00","ended_at":null,"magnitude":1.99,"depth_km":3.05999994277954,"rep_point":[-155.295333862305,19.443000793457]}},{"type":"Feature","geometry":{"type":"Point","coordinates":[-152.227,58.597]},"properties":{"id":"usgs:aka2026tpyicf","source":"USGS","category":"earthquake","event_type":"Earthquake","severity":"unknown","title":"M 2.4 - 71 km NE of Aleneva, Alaska","description":"71 km NE of Aleneva, Alaska","instruction":"","area":"71 km NE of Aleneva, Alaska","url":"https://earthquake.usgs.gov/earthquakes/eventpage/aka2026tpyicf","sender":"USGS","started_at":"2026-10-04T02:08:17.387000+00:00","ended_at":null,"magnitude":2.4,"depth_km":0.4,"rep_point":[-152.227,58.597]}},{"type":"Feature","geometry":{"type":"Point","coordinates":[-121.337333679199,40.1766662597656]},"properties":{"id":"usgs:nc75443921","source":"USGS","category":"earthquake","event_type":"Earthquake","severity":"unknown","title":"M 1.9 - 14 km WSW of Almanor, CA","description":"14 km WSW of Almanor, CA","instruction":"","area":"14 km WSW of Almanor, CA","url":"https://earthquake.usgs.gov/earthquakes/eventpage/nc75443921","sender":"USGS","started_at":"2026-10-04T02:01:08.400000+00:00","ended_at":null,"magnitude":1.93,"depth_km":4.42999982833862,"rep_point":[-121.337333679199,40.1766662597656]}},{"type":"Feature","geometry":{"type":"Point","coordinates":[-149.233,62.032]},"properties":{"id":"usgs:aka2026tpxzfg","source":"USGS","category":"earthquake","event_type":"Earthquake","severity":"minor","title":"M 3.5 - 32 km N of Fishhook, Alaska","description":"32 km N of Fishhook, Alaska","instruction":"","area":"32 km N of Fishhook, Alaska","url":"https://earthquake.usgs.gov/earthquakes/eventpage/aka2026tpxzfg","sender":"USGS","started_at":"2026-10-04T01:58:07.580000+00:00","ended_at":null,"magnitude":3.5,"depth_km":18.7,"rep_point":[-149.233,62.032]}},{"type":"Feature","geometry":{"type":"Point","coordinates":[-116.758166666667,33.5878333333333]},"properties":{"id":"usgs:ci41342743","source":"USGS","category":"earthquake","event_type":"Earthquake","severity":"unknown","title":"M 0.3 - 9 km WNW of Anza, CA","description":"9 km WNW of Anza, CA","instruction":"","area":"9 km WNW of Anza, CA","url":"https://earthquake.usgs.gov/earthquakes/eventpage/ci41342743","sender":"USGS","started_at":"2026-10-04T01:57:42.080000+00:00","ended_at":null,"magnitude":0.29,"depth_km":12.31,"rep_point":[-116.758166666667,33.5878333333333]}},{"type":"Feature","geometry":{"type":"Point","coordinates":[-153.07,60.219]},"properties":{"id":"usgs:aka2026tpxtjs","source":"USGS","category":"earthquake","event_type":"Earthquake","severity":"unknown","title":"M 2.2 - 69 km E of Port Alsworth, Alaska","description":"69 km E of Port Alsworth, Alaska","instruction":"","area":"69 km E of Port Alsworth, Alaska","url":"https://earthquake.usgs.gov/earthquakes/eventpage/aka2026tpxtjs","sender":"USGS","started_at":"2026-10-04T01:51:07.202000+00:00","ended_at":null,"magnitude":2.2,"depth_km":128.4,"rep_point":[-153.07,60.219]}},{"type":"Feature","geometry":{"type":"Point","coordinates":[-66.9528333333333,17.9803333333333]},"properties":{"id":"usgs:pr71535603","source":"USGS","category":"earthquake","event_type":"Earthquake","severity":"unknown","title":"M 2.1 - 3 km WSW of Fuig, Puerto Rico","description":"3 km WSW of Fuig, Puerto Rico","instruction":"","area":"3 km WSW of Fuig, Puerto Rico","url":"https://earthquake.usgs.gov/earthquakes/eventpage/pr71535603","sender":"USGS","started_at":"2026-10-04T01:49:57.080000+00:00","ended_at":null,"magnitude":2.08,"depth_km":4.95,"rep_point":[-66.9528333333333,17.9803333333333]}},{"type":"Feature","geometry":{"type":"Point","coordinates":[-122.783332824707,38.835334777832]},"properties":{"id":"usgs:nc75443906","source":"USGS","category":"earthquake","event_type":"Earthquake","severity":"unknown","title":"M 0.7 - 5 km WNW of Cobb, CA","description":"5 km WNW of Cobb, CA","instruction":"","area":"5 km WNW of Cobb, CA","url":"https://earthquake.usgs.gov/earthquakes/eventpage/nc75443906","sender":"USGS","started_at":"2026-10-04T01:32:04.630000+00:00","ended_at":null,"magnitude":0.69,"depth_km":1.91999995708466,"rep_point":[-122.783332824707,38.835334777832]}},{"type":"Feature","geometry":{"type":"Point","coordinates":[-122.768836975098,38.7988319396973]},"properties":{"id":"usgs:nc75443881","source":"USGS","category":"earthquake","event_type":"Earthquake","severity":"unknown","title":"M 0.2 - 3 km NNW of The Geysers, CA","description":"3 km NNW of The Geysers, CA","instruction":"","area":"3 km NNW of The Geysers, CA","url":"https://earthquake.usgs.gov/earthquakes/eventpage/nc75443881","sender":"USGS","started_at":"2026-10-04T01:14:22.200000+00:00","ended_at":null,"magnitude":0.23,"depth_km":3.77999997138977,"rep_point":[-122.768836975098,38.7988319396973]}},{"type":"Feature","geometry":{"type":"Point","coordinates":[-122.809501647949,38.8269996643066]},"properties":{"id":"usgs:nc75443871","source":"USGS","category":"earthquake","event_type":"Earthquake","severity":"unknown","title":"M 1.1 - 7 km NW of The Geysers, CA","description":"7 km NW of The Geysers, CA","instruction":"","area":"7 km NW of The Geysers, CA","url":"https://earthquake.usgs.gov/earthquakes/eventpage/nc75443871","sender":"USGS","started_at":"2026-10-04T01:10:25.940000+00:00","ended_at":null,"magnitude":1.08,"depth_km":1.62000000476837,"rep_point":[-122.809501647949,38.8269996643066]}},{"type":"Feature","geometry":{"type":"Point","coordinates":[-117.536666666667,35.6733333333333]},"properties":{"id":"usgs:ci41342735","source":"USGS","category":"earthquake","event_type":"Earthquake","severity":"unknown","title":"M 0.4 - 14 km ENE of Ridgecrest, CA","description":"14 km ENE of Ridgecrest, CA","instruction":"","area":"14 km ENE of Ridgecrest, CA","url":"https://earthquake.usgs.gov/earthquakes/eventpage/ci41342735","sender":"USGS","started_at":"2026-10-04T01:04:14.480000+00:00","ended_at":null,"magnitude":0.42,"depth_km":4.88,"rep_point":[-117.536666666667,35.6733333333333]}}],"generated_at":"2026-10-05T00:52:00.823470+00:00","sources":["NOAA NWS","USGS"],"errors":[]}